timestamp,channel_id,host_id,content_type,protocol,geo_location,user_id
2088-05-13 07:00:00,8,156,2,1,1,13.0
2088-05-13 07:00:01,8,156,2,1,802,13.0
2088-05-13 07:01:00,2,123,4,1,556,7.0
2088-05-13 07:01:01,8,1,8,1,1,1.0
2088-05-13 07:01:03,1,156,6,1,884,46.0
2088-05-13 07:01:04,8,156,8,1,1,0.0
2088-05-13 07:05:00,8,156,8,1,266,0.0
2088-05-13 07:07:00,8,156,8,1,1167,0.0
2088-05-13 07:07:04,8,156,8,1,882,0.0
2088-05-13 07:07:22,1,156,6,1,1530,46.0
2088-05-13 07:08:01,8,156,8,1,1303,0.0
2088-05-13 07:11:00,8,156,8,1,0,0.0
2088-05-13 07:11:01,8,156,8,1,1389,0.0
2088-05-13 07:15:00,8,156,8,1,1135,0.0
2088-05-13 07:16:00,8,156,8,1,684,0.0
2088-05-13 07:18:01,8,156,8,1,1008,0.0
2088-05-13 07:21:02,8,156,8,1,712,0.0
2088-05-13 07:22:01,8,105,8,1,1,1.0
2088-05-13 07:24:01,2,123,4,1,1211,7.0
2088-05-13 07:24:02,1,156,6,1,1586,54.0
2088-05-13 07:24:06,2,123,4,1,1549,7.0
2088-05-13 07:26:01,8,156,8,1,12,0.0
2088-05-13 07:34:01,3,76,8,1,1,1.0
2088-05-13 07:34:04,8,156,8,1,499,0.0
2088-05-13 07:38:01,8,156,8,1,1185,0.0
2088-05-13 07:40:01,2,123,4,1,1482,7.0
2088-05-13 07:44:00,8,156,8,1,585,0.0
2088-05-13 07:48:00,8,156,8,1,1007,0.0
2088-05-13 07:50:01,8,156,8,1,1169,0.0
2088-05-13 07:59:00,2,123,4,1,609,7.0
2088-05-13 08:00:00,8,156,8,1,1113,0.0
2088-05-13 08:00:01,8,156,8,1,138,0.0
2088-05-13 08:02:01,8,156,8,1,1391,0.0
2088-05-13 08:04:01,8,156,8,1,360,0.0
2088-05-13 08:15:00,8,156,8,1,1224,0.0
2088-05-13 08:16:06,8,156,8,1,470,0.0
2088-05-13 08:18:00,8,156,8,1,714,0.0
2088-05-13 08:19:01,8,117,8,1,1,1.0
2088-05-13 08:19:03,1,156,6,1,884,16.0
2088-05-13 08:25:01,8,156,8,1,185,0.0
2088-05-13 08:28:01,1,156,6,1,1530,16.0
2088-05-13 08:32:02,8,156,8,1,1230,0.0
2088-05-13 08:34:01,8,156,8,1,1083,0.0
2088-05-13 08:34:03,8,156,8,1,381,0.0
2088-05-13 08:38:00,8,156,8,1,361,0.0
2088-05-13 08:40:02,8,156,8,1,675,0.0
2088-05-13 08:43:01,8,156,8,1,1101,0.0
2088-05-13 08:47:01,8,156,8,1,834,0.0
2088-05-13 08:51:00,8,156,8,1,1570,0.0
2088-05-13 08:54:00,8,156,8,1,1511,0.0
2088-05-13 08:57:02,8,156,8,1,588,0.0
2088-05-13 08:57:03,8,156,8,1,818,0.0
2088-05-13 08:57:04,8,156,8,1,1578,0.0
2088-05-13 08:58:00,8,156,8,1,1514,0.0
2088-05-13 08:59:01,8,156,8,1,855,0.0
2088-05-13 08:59:02,8,156,8,1,950,0.0
2088-05-13 09:04:00,8,156,8,1,665,0.0
2088-05-13 09:05:00,8,156,8,1,1490,0.0
2088-05-13 09:06:01,8,156,8,1,1444,0.0
2088-05-13 09:09:02,1,156,6,1,13,3.0
2088-05-13 09:09:05,8,124,8,1,1,1.0
2088-05-13 09:11:00,8,139,8,1,1,1.0
2088-05-13 09:14:01,1,156,6,1,304,3.0
2088-05-13 09:16:01,8,87,8,1,1,1.0
2088-05-13 09:17:01,1,156,6,1,211,54.0
2088-05-13 09:21:01,8,156,8,1,678,0.0
2088-05-13 09:23:00,8,156,8,1,1411,0.0
2088-05-13 09:32:00,8,156,8,1,89,0.0
2088-05-13 09:36:02,8,156,8,1,1241,0.0
2088-05-13 09:38:03,2,123,4,1,155,7.0
2088-05-13 09:43:01,8,156,8,1,102,0.0
2088-05-13 09:48:00,2,123,4,1,156,7.0
2088-05-13 09:49:03,8,156,8,1,370,0.0
2088-05-13 09:50:02,1,156,6,1,502,55.0
2088-05-13 09:51:01,8,156,8,1,326,0.0
2088-05-13 09:52:00,8,156,8,1,1064,0.0
2088-05-13 09:57:00,8,156,8,1,1142,0.0
2088-05-13 10:03:00,2,123,4,1,585,7.0
2088-05-13 10:08:01,8,156,8,1,1364,0.0
2088-05-13 10:12:01,8,156,8,1,957,0.0
2088-05-13 10:12:02,2,123,4,1,0,7.0
2088-05-13 10:13:01,8,156,8,1,915,0.0
2088-05-13 10:16:00,8,156,8,1,754,0.0
2088-05-13 10:19:01,8,1,8,1,921,1.0
2088-05-13 10:21:01,2,123,4,1,1408,7.0
2088-05-13 10:24:00,2,123,4,1,1157,7.0
2088-05-13 10:35:00,2,123,4,1,1134,7.0
2088-05-13 10:37:00,2,123,4,1,24,7.0
2088-05-13 10:38:04,8,156,8,1,1373,0.0
2088-05-13 10:48:01,8,156,8,1,822,0.0
2088-05-13 10:49:01,1,156,6,1,321,46.0
2088-05-13 10:53:01,8,156,8,1,421,0.0
2088-05-13 10:58:01,2,123,4,1,550,7.0
2088-05-13 11:00:00,2,123,4,1,1047,7.0
2088-05-13 11:05:00,8,156,8,1,816,0.0
2088-05-13 11:11:01,8,156,8,1,15,0.0
2088-05-13 11:23:01,8,156,5,1,0,2.0
2088-05-13 11:26:01,8,156,8,1,1541,0.0
2088-05-13 11:27:02,1,156,6,1,275,54.0
2088-05-13 11:33:01,8,156,8,1,222,0.0
2088-05-13 11:45:00,8,156,8,1,1518,0.0
2088-05-13 11:46:00,8,156,4,1,712,20.0
2088-05-13 11:49:01,2,123,4,1,468,7.0
2088-05-13 11:54:00,8,156,8,1,410,0.0
2088-05-13 11:55:00,8,11,8,1,0,1.0
2088-05-13 12:17:00,2,123,4,1,119,7.0
2088-05-13 12:18:00,8,156,8,1,532,0.0
2088-05-13 12:21:01,8,124,8,1,706,1.0
2088-05-13 12:23:00,8,156,8,1,22,0.0
2088-05-13 12:30:00,8,156,5,1,1,2.0
2088-05-13 12:31:04,8,156,8,1,244,0.0
2088-05-13 12:39:07,8,156,8,1,945,0.0
2088-05-13 12:41:02,8,156,8,1,514,0.0
2088-05-13 12:44:00,8,156,8,1,1292,0.0
2088-05-13 12:47:00,8,156,8,1,1274,0.0
2088-05-13 12:52:02,2,123,4,1,1037,7.0
2088-05-13 13:00:00,8,156,8,1,288,0.0
2088-05-13 13:08:00,2,123,4,1,569,7.0
2088-05-13 13:11:02,2,123,4,1,1417,7.0
2088-05-13 13:12:05,8,156,8,1,216,0.0
2088-05-13 13:17:02,8,156,8,1,323,0.0
2088-05-13 13:25:10,8,5,8,1,1,1.0
2088-05-13 13:26:00,8,120,8,1,1021,7.0
2088-05-13 13:26:05,8,156,8,1,347,0.0
2088-05-13 13:27:00,8,156,8,1,628,0.0
2088-05-13 13:28:08,8,156,8,1,971,0.0
2088-05-13 13:28:11,2,123,4,1,564,7.0
2088-05-13 13:40:07,8,156,8,1,167,0.0
2088-05-13 13:44:14,8,156,8,1,889,0.0
2088-05-13 13:44:16,8,156,8,1,389,0.0
2088-05-13 13:45:00,8,156,8,1,1243,0.0
2088-05-13 13:45:06,8,156,8,1,649,0.0
2088-05-13 13:55:03,8,156,8,1,154,0.0
2088-05-13 14:02:01,2,123,4,1,1161,7.0
2088-05-13 14:03:10,8,156,8,1,511,0.0
2088-05-13 14:14:00,8,156,8,1,673,0.0
2088-05-13 14:19:04,8,156,8,1,905,0.0
2088-05-13 14:20:08,8,156,8,1,909,0.0
2088-05-13 14:21:14,8,156,8,1,1448,0.0
2088-05-13 14:22:11,2,123,4,1,1369,7.0
2088-05-13 14:25:03,8,156,8,1,364,0.0
2088-05-13 14:26:04,8,156,8,1,987,0.0
2088-05-13 14:28:01,8,156,8,1,1138,0.0
2088-05-13 14:29:01,8,156,8,1,746,0.0
2088-05-13 14:32:03,2,123,4,1,1005,7.0
2088-05-13 14:33:03,8,156,8,1,1276,0.0
2088-05-13 14:38:00,8,156,8,1,1179,0.0
2088-05-13 14:39:09,2,123,4,1,379,7.0
2088-05-13 14:45:01,8,156,8,1,1298,0.0
2088-05-13 14:53:13,2,123,4,1,309,7.0
2088-05-13 15:00:17,8,156,8,1,1548,0.0
2088-05-13 15:02:06,2,123,4,1,5,7.0
2088-05-13 15:06:10,8,156,8,1,1051,0.0
2088-05-13 15:06:12,2,123,4,1,71,7.0
2088-05-13 15:06:22,2,123,4,1,689,7.0
2088-05-13 15:08:13,8,156,8,1,667,0.0
2088-05-13 15:10:14,8,156,8,1,548,0.0
2088-05-13 15:12:21,8,156,8,1,1177,0.0
2088-05-13 15:13:10,2,123,4,1,1087,7.0
2088-05-13 15:14:10,2,123,4,1,1113,7.0
2088-05-13 15:16:18,1,156,6,1,1530,54.0
2088-05-13 15:23:03,2,123,4,1,145,7.0
2088-05-13 15:31:16,2,123,4,1,1049,7.0
2088-05-13 15:32:13,8,156,8,1,690,0.0
2088-05-13 15:32:18,8,156,8,1,1234,0.0
2088-05-13 15:32:20,8,156,8,1,982,0.0
2088-05-13 15:35:21,8,156,8,1,644,9.0
2088-05-13 15:40:16,2,123,4,1,225,7.0
2088-05-13 15:44:07,8,156,8,1,603,0.0
2088-05-13 15:46:02,2,123,4,1,1357,7.0
2088-05-13 15:50:20,2,123,4,1,122,7.0
2088-05-13 15:51:05,1,156,6,1,179,21.0
2088-05-13 15:54:10,8,156,8,1,101,0.0
2088-05-13 15:56:08,2,123,4,1,1254,7.0
2088-05-13 15:57:10,8,156,8,1,721,0.0
2088-05-13 15:58:22,8,156,8,1,161,0.0
2088-05-13 16:01:06,2,123,4,1,1290,7.0
2088-05-13 16:03:28,8,11,8,1,840,1.0
2088-05-13 16:08:00,2,123,4,1,823,7.0
2088-05-13 16:12:07,8,156,5,1,1,15.0
2088-05-13 16:12:10,8,156,8,1,553,0.0
2088-05-13 16:16:33,8,156,8,1,241,0.0
2088-05-13 16:17:14,8,156,8,1,1216,0.0
2088-05-13 16:18:10,8,156,8,1,671,0.0
2088-05-13 16:27:14,8,156,8,1,1440,0.0
2088-05-13 16:28:10,8,156,8,1,1254,0.0
2088-05-13 16:29:05,8,156,8,1,271,5.0
2088-05-13 16:32:11,2,123,4,1,540,7.0
2088-05-13 16:33:07,8,156,8,1,1586,0.0
2088-05-13 16:34:19,1,156,6,1,1,10.0
2088-05-13 16:36:16,8,156,8,1,968,0.0
2088-05-13 16:37:08,1,156,6,1,339,45.0
2088-05-13 16:37:26,8,156,8,1,1463,0.0
2088-05-13 16:41:07,2,123,4,1,1000,7.0
2088-05-13 16:43:20,8,156,8,1,811,0.0
2088-05-13 16:48:07,8,156,8,1,69,0.0
2088-05-13 16:50:08,8,156,8,1,941,0.0
2088-05-13 16:50:21,8,127,8,1,1,1.0
2088-05-13 16:55:06,8,156,8,1,998,0.0
2088-05-13 16:56:01,8,156,8,1,153,0.0
2088-05-13 17:00:00,8,156,8,1,452,0.0
2088-05-13 17:03:05,8,156,8,1,850,0.0
2088-05-13 17:04:09,8,156,8,1,1423,0.0
2088-05-13 17:08:12,8,156,2,1,0,13.0
2088-05-13 17:09:04,8,8,8,1,1,1.0
2088-05-13 17:10:02,8,156,8,1,1378,0.0
2088-05-13 17:10:26,8,156,8,1,429,0.0
2088-05-13 17:12:04,8,156,8,1,63,0.0
2088-05-13 17:15:01,8,156,8,1,926,0.0
2088-05-13 17:15:11,8,156,8,1,1555,0.0
2088-05-13 17:21:01,2,123,4,1,465,7.0
2088-05-13 17:23:07,1,156,6,1,616,3.0
2088-05-13 17:29:05,8,42,8,1,396,1.0
2088-05-13 17:35:08,1,156,6,1,498,48.0
2088-05-13 17:39:20,8,156,8,1,1201,0.0
2088-05-13 17:43:11,2,123,4,1,1265,7.0
2088-05-13 17:44:03,8,156,8,1,152,0.0
2088-05-13 17:45:19,2,123,4,1,1093,7.0
2088-05-13 17:46:16,2,123,4,1,1258,7.0
2088-05-13 17:48:05,2,123,4,1,72,7.0
2088-05-13 17:48:16,8,156,8,1,353,0.0
2088-05-13 17:52:00,8,87,8,1,0,1.0
2088-05-13 17:55:00,8,156,8,1,1001,0.0
2088-05-13 17:55:03,8,156,8,1,944,0.0
2088-05-13 17:59:09,1,156,6,1,802,13.0
2088-05-13 18:00:13,8,129,8,1,1549,7.0
2088-05-13 18:01:41,8,156,8,1,644,0.0
2088-05-13 18:26:00,2,123,4,1,1560,7.0
2088-05-13 18:27:01,8,156,8,1,122,0.0
2088-05-13 18:30:07,8,156,8,1,1441,0.0
2088-05-13 18:31:09,8,105,8,1,1337,1.0
2088-05-13 18:32:03,8,156,8,1,1576,0.0
2088-05-13 18:36:04,8,156,8,1,734,0.0
2088-05-13 18:39:04,8,1,8,1,1367,1.0
2088-05-13 18:45:12,8,156,8,1,505,0.0
2088-05-13 18:46:06,2,123,4,1,1086,7.0
2088-05-13 18:46:12,8,50,8,1,1497,1.0
2088-05-13 18:50:05,8,119,8,1,955,7.0
2088-05-13 18:53:03,1,156,6,1,974,13.0
2088-05-13 19:00:03,8,156,8,1,1004,0.0
2088-05-13 19:06:00,1,156,6,0,0,14.0
2088-05-13 19:06:03,1,156,6,1,0,14.0
2088-05-13 19:06:17,1,156,6,0,0,16.0
2088-05-13 19:06:27,1,156,6,0,0,
2088-05-13 19:06:45,1,156,6,0,0,26.0
2088-05-13 19:07:26,4,156,8,0,1586,
2088-05-13 19:08:55,1,156,6,1,0,16.0
2088-05-13 19:09:27,8,156,8,1,871,0.0
2088-05-13 19:10:40,1,156,6,1,0,31.0
2088-05-13 19:10:43,1,156,6,1,0,32.0
2088-05-13 19:10:51,1,156,6,1,0,30.0
2088-05-13 19:20:07,8,156,8,1,1356,0.0
2088-05-13 19:20:12,2,123,4,1,857,7.0
2088-05-13 19:21:00,8,121,8,1,0,7.0
2088-05-13 19:21:09,8,121,8,1,1410,7.0
2088-05-13 19:22:04,8,91,8,1,1,1.0
2088-05-13 19:28:05,8,156,8,1,107,0.0
2088-05-13 19:32:03,8,156,8,1,1269,0.0
2088-05-13 19:36:01,8,156,8,1,462,0.0
2088-05-13 19:36:03,8,156,8,1,1319,0.0
2088-05-13 19:36:08,8,156,8,1,1315,0.0
2088-05-13 19:40:03,2,123,4,1,1227,7.0
2088-05-13 19:40:17,2,123,4,1,1355,7.0
2088-05-13 19:42:00,1,156,6,0,0,47.0
2088-05-13 19:42:37,1,156,6,1,0,47.0
2088-05-13 19:42:39,1,156,6,0,0,46.0
2088-05-13 19:42:45,1,156,6,1,0,46.0
2088-05-13 19:46:30,1,156,6,1,0,50.0
2088-05-13 19:46:54,3,124,8,1,882,1.0
2088-05-13 19:50:01,8,156,8,1,1100,0.0
2088-05-13 19:53:00,3,124,8,1,1231,1.0
2088-05-13 19:53:01,8,120,8,1,0,7.0
2088-05-13 19:56:04,1,156,6,1,211,46.0
2088-05-13 19:57:10,1,156,6,1,0,54.0
2088-05-13 19:58:00,1,156,6,0,0,53.0
2088-05-13 19:58:10,1,156,6,1,0,53.0
2088-05-13 19:58:25,1,156,6,0,0,54.0
2088-05-13 20:02:19,1,156,6,1,0,57.0
2088-05-13 20:03:49,2,123,4,1,409,7.0
2088-05-13 20:05:11,8,156,8,1,306,0.0
2088-05-13 20:06:00,8,156,8,1,1194,0.0
2088-05-13 20:07:00,2,123,4,1,912,7.0
2088-05-13 20:07:01,8,119,8,1,808,7.0
2088-05-13 20:07:02,8,16,8,1,1,1.0
2088-05-13 20:09:02,2,123,4,1,1261,7.0
2088-05-13 20:14:03,2,123,4,1,294,7.0
2088-05-13 20:14:04,8,156,8,1,877,0.0
2088-05-13 20:15:05,2,123,4,1,663,7.0
2088-05-13 20:18:03,8,156,8,1,437,0.0
2088-05-13 20:23:03,8,156,8,1,1210,0.0
2088-05-13 20:25:01,8,156,8,1,41,0.0
2088-05-13 20:26:01,2,123,4,1,1010,7.0
2088-05-13 20:26:02,3,124,8,1,1,1.0
2088-05-13 20:30:00,2,123,4,1,882,7.0
2088-05-13 20:35:00,8,156,8,1,1520,0.0
2088-05-13 20:36:08,2,123,4,1,723,7.0
2088-05-13 20:45:00,2,123,4,1,287,7.0
2088-05-13 20:48:02,8,156,8,1,60,0.0
2088-05-13 20:49:00,8,87,8,1,654,1.0
2088-05-13 20:51:01,2,123,4,1,1238,7.0
2088-05-13 20:51:02,8,139,8,1,1398,1.0
2088-05-13 20:53:01,8,156,4,1,644,20.0
2088-05-13 20:59:00,8,156,8,1,1180,0.0
2088-05-13 21:00:00,2,123,4,1,893,7.0
2088-05-13 21:05:00,8,156,8,1,608,0.0
2088-05-13 21:05:03,8,156,8,1,269,0.0
2088-05-13 21:10:09,8,156,8,1,586,0.0
2088-05-13 21:21:01,8,156,8,1,402,0.0
2088-05-13 21:26:01,8,156,8,1,1075,0.0
2088-05-13 21:27:01,8,156,8,1,87,0.0
2088-05-13 21:28:00,2,123,4,1,1142,7.0
2088-05-13 21:29:01,8,156,8,1,874,0.0
2088-05-13 21:34:01,2,47,8,1,1,1.0
2088-05-13 21:38:00,8,156,8,1,1370,0.0
2088-05-13 21:52:00,8,156,8,1,25,0.0
2088-05-13 21:54:00,8,156,8,1,1123,0.0
2088-05-13 21:56:01,8,156,8,1,605,0.0
2088-05-13 21:59:00,2,123,4,1,652,7.0
2088-05-13 22:03:01,8,156,8,1,1109,0.0
2088-05-13 22:08:00,2,123,4,1,226,7.0
2088-05-13 22:09:02,2,123,4,1,1229,7.0
2088-05-13 22:10:00,8,156,8,1,1117,0.0
2088-05-13 22:18:00,8,156,8,1,785,0.0
2088-05-13 22:21:00,2,123,4,1,914,7.0
2088-05-13 22:31:00,8,0,8,1,201,1.0
2088-05-13 22:36:00,8,102,8,1,754,1.0
2088-05-13 22:41:01,8,21,8,1,1,1.0
2088-05-13 22:48:11,8,156,8,1,795,0.0
2088-05-13 22:52:00,2,123,4,1,939,7.0
2088-05-13 22:54:04,8,156,8,1,375,0.0
2088-05-13 22:54:06,3,124,8,1,329,1.0
2088-05-13 22:59:00,2,123,4,1,749,7.0
2088-05-13 23:02:01,2,123,4,1,1481,7.0
2088-05-13 23:02:02,8,156,8,1,373,0.0
2088-05-13 23:05:04,8,156,8,1,1534,0.0
2088-05-13 23:06:00,8,120,8,1,1265,7.0
2088-05-13 23:11:00,8,156,8,1,1403,0.0
2088-05-13 23:11:02,8,156,8,1,573,0.0
2088-05-13 23:11:03,2,123,4,1,360,7.0
2088-05-13 23:19:00,2,13,8,1,1,1.0
2088-05-13 23:33:01,8,156,8,1,1091,0.0
2088-05-13 23:36:00,2,27,8,1,1,1.0
2088-05-13 23:41:01,8,156,8,1,897,0.0
2088-05-13 23:46:00,2,123,4,1,1542,7.0
2088-05-13 23:50:00,8,156,8,1,993,0.0
2088-05-13 23:52:00,8,156,8,1,851,0.0
2088-05-13 23:53:00,2,123,4,1,868,7.0
2088-05-13 23:55:00,2,123,4,1,549,7.0
2088-05-13 23:56:02,8,156,8,1,1467,0.0
2088-05-13 23:59:00,1,156,6,1,1586,16.0
2088-05-14 00:00:00,2,123,4,1,674,7.0
2088-05-14 00:05:00,8,156,8,1,39,0.0
2088-05-14 00:05:02,2,123,4,1,1543,7.0
2088-05-14 00:07:03,8,156,8,1,601,0.0
2088-05-14 00:11:00,2,123,4,1,79,7.0
2088-05-14 00:13:02,2,123,4,1,2,7.0
2088-05-14 00:19:00,2,123,4,1,942,7.0
2088-05-14 00:21:00,1,156,6,0,256,16.0
2088-05-14 00:24:02,2,123,4,1,508,7.0
2088-05-14 00:28:00,8,156,8,1,1382,0.0
2088-05-14 00:30:02,2,123,4,1,606,7.0
2088-05-14 00:36:00,1,156,6,1,211,16.0
2088-05-14 00:38:01,1,156,6,1,1470,13.0
2088-05-14 00:39:00,2,123,4,1,1219,7.0
2088-05-14 00:39:03,8,156,4,1,48,20.0
2088-05-14 00:45:01,8,156,8,1,1419,0.0
2088-05-14 00:47:01,8,156,8,1,637,0.0
2088-05-14 00:50:01,2,123,4,1,976,7.0
2088-05-14 00:52:00,2,123,4,1,855,7.0
2088-05-14 00:56:00,8,23,8,1,1,1.0
2088-05-14 00:56:01,6,23,4,1,1,1.0
2088-05-14 00:59:00,2,123,4,1,1169,7.0
2088-05-14 01:01:02,8,156,8,1,48,9.0
2088-05-14 01:05:00,8,120,8,1,1553,7.0
2088-05-14 01:05:02,8,120,8,1,113,7.0
2088-05-14 01:08:00,6,136,4,1,664,1.0
2088-05-14 01:08:01,6,136,4,1,1465,1.0
2088-05-14 01:08:02,8,116,8,1,0,1.0
2088-05-14 01:08:03,6,12,4,1,1134,1.0
2088-05-14 01:08:04,8,116,8,1,1,1.0
2088-05-14 01:08:05,6,136,4,1,1,1.0
2088-05-14 01:08:08,6,12,4,1,1,1.0
2088-05-14 01:08:09,6,116,4,1,1,1.0
2088-05-14 01:08:21,8,136,8,1,664,1.0
2088-05-14 01:08:26,8,136,8,1,1,1.0
2088-05-14 01:08:30,8,136,8,1,1465,1.0
2088-05-14 01:08:49,6,12,4,1,286,1.0
2088-05-14 01:10:07,6,136,4,1,4,1.0
2088-05-14 01:10:14,6,57,4,1,1408,1.0
2088-05-14 01:15:16,8,156,8,1,310,0.0
2088-05-14 01:20:00,8,156,8,1,863,0.0
2088-05-14 01:22:00,2,123,4,1,1196,7.0
2088-05-14 01:33:00,8,156,4,1,1093,11.0
2088-05-14 01:34:02,2,123,4,1,325,7.0
2088-05-14 01:45:00,8,156,8,1,1550,0.0
2088-05-14 01:47:00,8,156,8,1,683,0.0
2088-05-14 01:48:00,8,156,8,1,149,0.0
2088-05-14 01:53:20,8,156,8,1,1065,5.0
2088-05-14 01:55:05,2,123,4,1,1031,7.0
2088-05-14 02:01:00,8,156,4,1,1,20.0
2088-05-14 02:03:01,2,123,4,1,366,7.0
2088-05-14 02:05:00,2,123,4,1,1204,7.0
2088-05-14 02:08:00,8,156,8,1,1093,17.0
2088-05-14 02:10:00,2,123,4,1,1060,7.0
2088-05-14 02:20:01,8,87,8,1,831,1.0
2088-05-14 03:06:00,1,156,6,1,37,47.0
2088-05-14 03:09:00,8,27,8,1,1127,1.0
2088-05-14 03:24:00,2,71,8,1,1134,1.0
2088-05-14 03:33:00,8,156,0,1,0,13.0
2088-05-14 03:42:02,8,120,8,1,260,7.0
2088-05-14 03:51:00,2,123,4,1,151,7.0
2088-05-14 03:51:01,1,156,6,1,1586,46.0
2088-05-14 03:56:00,8,76,8,1,1,1.0
2088-05-14 04:02:00,2,123,4,1,921,7.0
2088-05-14 04:04:01,8,156,8,1,1116,0.0
2088-05-14 04:05:04,8,1,8,1,1254,1.0
2088-05-14 04:06:02,8,82,8,1,1,1.0
2088-05-14 04:10:00,8,156,8,1,616,0.0
2088-05-14 04:16:00,8,156,8,1,1155,0.0
2088-05-14 04:24:02,1,156,6,0,382,46.0
2088-05-14 04:32:00,2,123,4,1,1272,7.0
2088-05-14 04:33:00,8,145,8,1,1211,7.0
2088-05-14 04:46:01,2,123,4,1,1190,7.0
2088-05-14 05:09:01,1,156,6,1,509,45.0
2088-05-14 05:10:00,2,123,4,1,1137,7.0
2088-05-14 05:12:00,1,156,6,1,148,13.0
2088-05-14 05:16:00,8,156,8,1,1390,0.0
2088-05-14 05:24:01,8,156,8,1,1377,0.0
2088-05-14 05:58:01,8,156,8,1,1524,0.0
2088-05-14 06:00:01,8,80,8,1,1,1.0
2088-05-14 06:00:04,6,80,4,1,1,1.0
2088-05-14 06:05:00,8,156,8,1,251,0.0
2088-05-14 06:09:17,8,134,8,1,1,1.0
2088-05-14 06:13:02,8,38,8,1,979,1.0
2088-05-14 06:15:00,8,156,8,1,1160,0.0
2088-05-14 06:19:01,8,156,8,1,1438,0.0
2088-05-14 06:21:01,8,11,8,1,1,1.0
2088-05-14 06:22:00,8,27,8,1,1,1.0
2088-05-14 06:36:01,8,156,8,1,194,0.0
2088-05-14 06:49:00,8,82,8,1,1333,1.0
2088-05-14 06:56:00,8,156,8,1,802,0.0
2088-05-14 07:01:01,8,156,8,1,1061,0.0
2088-05-14 07:06:00,8,156,8,1,620,0.0
2088-05-14 07:15:00,8,149,8,1,1,1.0
2088-05-14 07:19:00,8,156,8,1,1387,0.0
2088-05-14 07:28:03,8,124,8,1,323,1.0
2088-05-14 07:39:00,8,156,8,1,1184,0.0
2088-05-14 07:41:01,8,156,8,1,464,0.0
2088-05-14 07:42:00,8,156,8,1,804,0.0
2088-05-14 07:45:01,8,14,8,1,1,1.0
2088-05-14 07:45:02,1,156,6,1,254,45.0
2088-05-14 07:52:00,8,156,8,1,530,0.0
2088-05-14 07:59:00,8,156,8,1,1563,0.0
2088-05-14 07:59:03,8,156,8,1,1062,0.0
2088-05-14 08:05:00,8,156,8,1,1385,0.0
2088-05-14 08:09:02,8,156,8,1,1401,0.0
2088-05-14 08:15:01,8,124,8,1,1558,1.0
2088-05-14 08:18:00,2,123,4,1,815,7.0
2088-05-14 08:19:01,8,156,8,1,996,0.0
2088-05-14 08:21:00,6,102,4,1,1,1.0
2088-05-14 08:21:04,6,102,4,1,396,1.0
2088-05-14 08:21:05,8,102,8,1,396,1.0
2088-05-14 08:21:08,8,102,8,1,1,1.0
2088-05-14 08:21:10,8,102,8,1,0,1.0
2088-05-14 08:21:20,2,99,8,1,1,1.0
2088-05-14 08:23:05,8,156,8,1,1437,0.0
2088-05-14 08:23:24,8,82,8,1,1150,1.0
2088-05-14 08:23:27,8,156,8,1,824,0.0
2088-05-14 08:24:01,6,128,4,1,1,1.0
2088-05-14 08:26:00,8,128,8,1,1,1.0
2088-05-14 08:28:00,8,156,8,1,1192,0.0
2088-05-14 08:28:03,8,156,8,1,376,0.0
2088-05-14 08:29:00,8,156,8,1,208,0.0
2088-05-14 08:45:02,8,156,8,1,1347,0.0
2088-05-14 08:46:00,8,156,8,1,1443,0.0
2088-05-14 08:46:01,8,156,8,1,1472,0.0
2088-05-14 08:47:01,8,124,8,1,1221,1.0
2088-05-14 08:50:00,2,123,4,1,566,7.0
2088-05-14 08:56:00,8,1,8,1,1072,1.0
2088-05-14 08:56:01,2,123,4,1,734,7.0
2088-05-14 09:04:03,8,156,8,1,166,0.0
2088-05-14 09:05:00,8,156,8,1,504,0.0
2088-05-14 09:06:00,8,124,8,1,882,1.0
2088-05-14 09:07:14,8,156,8,1,554,0.0
2088-05-14 09:09:02,8,156,8,1,696,0.0
2088-05-14 09:16:01,8,156,8,1,3,0.0
2088-05-14 09:18:00,8,125,8,1,1074,1.0
2088-05-14 09:25:01,2,123,4,1,1585,7.0
2088-05-14 09:25:04,8,156,8,1,173,0.0
2088-05-14 09:39:00,2,123,4,1,1547,7.0
2088-05-14 09:40:01,8,156,8,1,922,0.0
2088-05-14 09:42:00,8,156,8,1,202,0.0
2088-05-14 09:44:01,8,156,8,1,747,0.0
2088-05-14 09:44:02,8,153,8,1,1566,1.0
2088-05-14 09:57:00,8,156,8,1,1165,0.0
2088-05-14 10:02:00,8,156,8,1,618,0.0
2088-05-14 10:05:00,8,156,8,1,1221,0.0
2088-05-14 10:06:00,8,156,8,1,57,0.0
2088-05-14 10:10:00,8,124,8,1,523,1.0
2088-05-14 10:12:00,8,156,8,1,207,0.0
2088-05-14 10:14:02,3,76,8,1,706,1.0
2088-05-14 10:19:01,8,14,8,1,0,1.0
2088-05-14 10:19:05,8,156,8,1,1430,0.0
2088-05-14 10:27:01,8,1,8,1,924,1.0
2088-05-14 10:28:02,8,156,8,1,1573,0.0
2088-05-14 10:33:00,8,156,8,1,1567,0.0
2088-05-14 10:34:00,2,123,4,1,1506,7.0
2088-05-14 10:35:01,8,152,8,1,1,1.0
2088-05-14 10:35:02,8,156,8,1,242,0.0
2088-05-14 10:38:01,8,156,8,1,417,0.0
2088-05-14 10:38:02,8,156,8,1,611,0.0
2088-05-14 10:38:03,8,156,8,1,1299,0.0
2088-05-14 10:46:02,8,156,8,1,1341,0.0
2088-05-14 10:50:01,8,156,8,1,1014,0.0
2088-05-14 10:54:00,2,123,4,1,315,7.0
2088-05-14 10:59:03,8,156,8,1,1543,0.0
2088-05-14 11:13:03,8,156,8,1,999,0.0
2088-05-14 11:22:00,2,123,4,1,788,7.0
2088-05-14 11:22:02,8,156,8,1,485,0.0
2088-05-14 11:26:02,8,156,8,1,44,0.0
2088-05-14 11:38:01,8,156,8,1,239,0.0
2088-05-14 11:40:02,8,156,8,1,1497,0.0
2088-05-14 11:50:00,2,123,4,1,955,7.0
2088-05-14 11:54:03,8,1,8,1,1397,1.0
2088-05-14 11:58:01,8,156,8,1,494,0.0
2088-05-14 12:01:02,1,156,6,1,1084,3.0
2088-05-14 12:03:06,8,156,8,1,621,0.0
2088-05-14 12:08:02,2,123,4,1,1568,7.0
2088-05-14 12:11:01,8,156,8,1,307,0.0
2088-05-14 12:14:02,8,156,8,1,830,0.0
2088-05-14 12:21:00,2,123,4,1,929,7.0
2088-05-14 12:24:00,2,123,4,1,938,7.0
2088-05-14 12:25:00,2,123,4,1,572,7.0
2088-05-14 12:26:02,2,123,4,1,398,7.0
2088-05-14 12:27:00,8,67,8,1,1,1.0
2088-05-14 12:27:01,8,156,8,1,209,0.0
2088-05-14 12:32:00,8,66,8,1,428,1.0
2088-05-14 12:39:01,8,156,8,1,300,0.0
2088-05-14 12:42:01,2,123,4,1,769,7.0
2088-05-14 12:46:02,8,156,8,1,903,0.0
2088-05-14 12:54:03,3,105,8,1,0,1.0
2088-05-14 12:58:00,2,123,4,1,1571,7.0
2088-05-14 13:00:02,8,156,8,1,99,0.0
2088-05-14 13:04:00,2,123,4,1,282,7.0
2088-05-14 13:05:01,1,156,6,0,314,16.0
2088-05-14 13:21:00,8,156,8,1,778,0.0
2088-05-14 13:25:00,8,156,8,1,372,0.0
2088-05-14 13:38:00,3,87,8,1,0,1.0
2088-05-14 13:44:00,8,156,8,1,1398,0.0
2088-05-14 13:47:00,8,156,8,1,1129,0.0
2088-05-14 13:54:01,8,156,8,1,792,0.0
2088-05-14 13:59:01,2,123,4,1,1177,7.0
2088-05-14 14:02:01,2,123,4,1,589,7.0
2088-05-14 14:05:00,2,123,4,1,768,7.0
2088-05-14 14:08:02,8,156,8,1,1340,0.0
2088-05-14 14:17:01,8,156,8,1,1222,0.0
2088-05-14 14:17:02,8,156,8,1,1425,0.0
2088-05-14 14:17:05,8,156,8,1,158,0.0
2088-05-14 14:18:02,2,123,4,1,506,7.0
2088-05-14 14:18:04,8,156,8,1,258,0.0
2088-05-14 14:21:00,1,156,6,1,433,53.0
2088-05-14 14:24:00,8,156,8,1,434,0.0
2088-05-14 14:27:02,8,156,8,1,184,0.0
2088-05-14 14:30:08,8,156,8,1,770,0.0
2088-05-14 14:33:01,8,156,7,1,644,5.0
2088-05-14 14:35:03,8,156,8,1,1213,0.0
2088-05-14 14:36:01,8,156,8,1,718,0.0
2088-05-14 14:41:01,8,156,8,1,650,0.0
2088-05-14 14:55:02,8,156,8,1,1488,0.0
2088-05-14 14:57:03,1,156,6,1,0,3.0
2088-05-14 15:02:00,8,109,8,1,1,1.0
2088-05-14 15:09:00,2,123,4,1,821,7.0
2088-05-14 15:09:01,8,156,8,1,482,0.0
2088-05-14 15:10:01,2,123,4,1,1117,7.0
2088-05-14 15:11:00,1,156,6,1,322,16.0
2088-05-14 15:16:01,8,156,8,1,906,0.0
2088-05-14 15:21:01,3,87,8,1,1,1.0
2088-05-14 15:22:01,8,50,8,1,896,1.0
2088-05-14 15:25:00,2,123,4,1,1440,7.0
2088-05-14 15:34:00,8,156,8,1,404,0.0
2088-05-14 15:38:00,8,156,8,1,428,0.0
2088-05-14 15:45:00,8,156,8,1,774,0.0
2088-05-14 15:48:01,8,156,8,1,124,0.0
2088-05-14 15:56:01,8,156,8,1,390,0.0
2088-05-14 16:01:00,8,156,8,1,698,0.0
2088-05-14 16:03:02,8,156,8,1,1426,0.0
2088-05-14 16:05:03,2,123,4,1,228,7.0
2088-05-14 16:10:02,8,156,8,1,1325,0.0
2088-05-14 16:17:00,8,119,8,1,619,7.0
2088-05-14 16:17:04,8,119,8,1,0,7.0
2088-05-14 16:19:00,8,156,8,1,1250,0.0
2088-05-14 16:22:02,1,156,6,1,780,46.0
2088-05-14 16:23:01,8,156,8,1,1408,0.0
2088-05-14 16:23:05,2,123,4,1,1270,7.0
2088-05-14 16:24:00,2,123,4,1,460,7.0
2088-05-14 16:27:00,6,63,4,1,1093,1.0
2088-05-14 16:27:05,8,63,8,1,1093,1.0
2088-05-14 16:40:02,2,123,4,1,1163,7.0
2088-05-14 16:41:05,8,156,8,1,1343,0.0
2088-05-14 16:49:00,8,156,8,1,726,0.0
2088-05-14 16:50:00,7,87,6,1,1488,1.0
2088-05-14 16:53:01,2,123,4,1,835,7.0
2088-05-14 17:02:01,8,156,8,1,426,0.0
2088-05-14 17:03:00,8,156,8,1,1188,0.0
2088-05-14 17:10:01,8,156,7,1,48,5.0
2088-05-14 17:12:01,8,1,8,1,21,1.0
2088-05-14 17:18:01,2,123,4,1,535,7.0
2088-05-14 17:19:01,1,156,6,1,1586,14.0
2088-05-14 17:23:01,2,123,4,1,1512,7.0
2088-05-14 17:25:05,8,156,8,1,842,0.0
2088-05-14 17:26:01,8,124,8,1,558,1.0
2088-05-14 17:34:02,8,156,5,1,625,2.0
2088-05-14 17:39:02,2,123,4,1,1397,7.0
2088-05-14 17:40:01,8,156,8,1,312,0.0
2088-05-14 17:42:01,2,123,4,1,1309,7.0
2088-05-14 17:46:00,8,156,8,1,777,0.0
2088-05-14 17:50:01,8,82,8,1,1497,1.0
2088-05-14 17:52:00,8,156,8,1,1296,0.0
2088-05-14 18:01:01,8,124,8,1,717,1.0
2088-05-14 18:02:00,8,156,8,1,340,0.0
2088-05-14 18:08:01,2,123,4,1,952,7.0
2088-05-14 18:15:00,2,123,4,1,1291,7.0
2088-05-14 18:16:01,2,123,4,1,791,7.0
2088-05-14 18:17:04,2,123,4,1,925,7.0
2088-05-14 18:19:00,2,123,4,1,561,7.0
2088-05-14 18:24:01,8,156,8,1,838,0.0
2088-05-14 18:25:00,2,123,4,1,291,7.0
2088-05-14 18:26:03,2,123,4,1,724,7.0
2088-05-14 18:31:03,2,123,4,1,135,7.0
2088-05-14 18:31:05,8,76,8,1,0,1.0
2088-05-14 18:34:00,8,156,8,1,1324,0.0
2088-05-14 18:48:01,8,156,8,1,1256,0.0
2088-05-14 18:49:00,2,123,4,1,600,7.0
2088-05-14 18:51:00,2,123,4,1,1429,7.0
2088-05-14 18:51:03,2,123,4,1,1239,7.0
2088-05-14 18:56:00,8,119,8,1,771,7.0
2088-05-14 18:56:01,2,123,4,1,390,7.0
2088-05-14 18:56:09,8,156,8,1,1189,0.0
2088-05-14 18:59:02,8,1,8,1,994,1.0
2088-05-14 19:05:03,8,156,8,1,719,0.0
2088-05-14 19:10:52,2,123,4,1,574,7.0
2088-05-14 19:11:48,8,156,8,1,220,0.0
2088-05-14 19:11:53,8,156,8,1,86,0.0
2088-05-14 19:11:54,8,156,8,1,1380,0.0
2088-05-14 19:14:00,1,156,6,1,1,3.0
2088-05-14 19:14:01,8,156,8,1,297,0.0
2088-05-14 19:15:00,2,123,4,1,676,7.0
2088-05-14 19:19:00,2,123,4,1,577,7.0
2088-05-14 19:24:00,2,123,4,1,630,7.0
2088-05-14 19:25:01,8,119,8,1,1237,7.0
2088-05-14 19:33:00,2,123,4,1,1540,7.0
2088-05-14 19:36:01,2,123,4,1,629,7.0
2088-05-14 19:38:01,8,156,8,1,602,0.0
2088-05-14 19:42:07,2,123,4,1,1328,7.0
2088-05-14 19:46:21,2,123,4,1,204,7.0
2088-05-14 19:52:02,8,156,8,1,980,0.0
2088-05-14 19:55:02,2,123,4,1,967,7.0
2088-05-14 20:02:19,8,119,8,1,682,7.0
2088-05-14 20:02:23,8,119,8,1,1394,7.0
2088-05-14 20:02:27,8,156,8,1,981,0.0
2088-05-14 20:03:30,8,156,8,1,1311,0.0
2088-05-14 20:06:00,2,123,4,1,376,7.0
2088-05-14 20:10:00,7,129,6,1,1549,7.0
2088-05-14 20:11:02,2,123,4,1,832,7.0
2088-05-14 20:16:00,2,123,4,1,298,7.0
2088-05-14 20:20:01,1,156,6,1,763,13.0
2088-05-14 20:20:02,8,156,8,1,1451,0.0
2088-05-14 20:24:00,2,123,4,1,680,7.0
2088-05-14 20:25:00,2,123,4,1,660,7.0
2088-05-14 20:27:02,8,156,8,1,1466,0.0
2088-05-14 20:27:10,8,40,8,1,1,1.0
2088-05-14 20:29:01,8,156,8,1,284,0.0
2088-05-14 20:30:00,2,123,4,1,1314,7.0
2088-05-14 20:30:02,2,123,4,1,1523,7.0
2088-05-14 20:30:05,2,123,4,1,725,7.0
2088-05-14 20:31:00,8,156,8,1,521,0.0
2088-05-14 20:35:01,8,156,8,1,852,0.0
2088-05-14 20:40:01,2,123,4,1,1044,7.0
2088-05-14 20:41:00,2,123,4,1,1097,7.0
2088-05-14 20:41:04,2,123,4,1,423,7.0
2088-05-14 20:45:00,8,120,8,1,1352,7.0
2088-05-14 20:45:02,8,120,8,1,923,7.0
2088-05-14 20:45:06,2,123,4,1,49,7.0
2088-05-14 20:48:01,2,123,4,1,950,7.0
2088-05-14 20:51:00,8,156,5,1,1254,2.0
2088-05-14 20:51:03,2,123,4,1,1018,7.0
2088-05-14 20:52:02,2,123,4,1,63,7.0
2088-05-14 20:52:03,8,156,8,1,383,0.0
2088-05-14 20:56:35,8,156,8,1,30,0.0
2088-05-14 20:58:46,2,123,4,1,1253,7.0
2088-05-14 20:59:05,8,124,8,1,981,1.0
2088-05-14 21:01:01,2,123,4,1,972,7.0
2088-05-14 21:02:01,2,123,4,1,400,7.0
2088-05-14 21:04:01,2,123,4,1,212,7.0
2088-05-14 21:04:02,2,123,4,1,1302,7.0
2088-05-14 21:11:00,2,123,4,1,581,7.0
2088-05-14 21:13:05,2,123,4,1,670,7.0
2088-05-14 21:14:00,8,156,8,1,708,0.0
2088-05-14 21:15:00,2,123,4,1,361,7.0
2088-05-14 21:15:03,2,123,4,1,642,7.0
2088-05-14 21:16:02,2,123,4,1,318,7.0
2088-05-14 21:19:01,1,156,6,1,1083,3.0
2088-05-14 21:22:02,2,123,4,1,102,7.0
2088-05-14 21:24:01,2,123,4,1,1180,7.0
2088-05-14 21:26:00,2,123,4,1,831,7.0
2088-05-14 21:28:13,8,156,8,1,193,0.0
2088-05-14 21:29:02,2,123,4,1,253,7.0
2088-05-14 21:31:06,8,156,8,1,1080,0.0
2088-05-14 21:33:00,2,123,4,1,1034,7.0
2088-05-14 21:33:01,8,56,8,1,1093,1.0
2088-05-14 21:33:06,8,18,8,1,1,1.0
2088-05-14 21:40:00,1,156,6,1,27,54.0
2088-05-14 21:42:00,2,123,4,1,1416,7.0
2088-05-14 21:43:01,8,156,8,1,1486,0.0
2088-05-14 21:45:00,2,123,4,1,982,7.0
2088-05-14 21:47:01,2,123,4,1,1057,7.0
2088-05-14 21:49:01,1,156,6,1,1266,14.0
2088-05-14 21:49:02,8,156,8,1,4,0.0
2088-05-14 21:58:00,2,123,4,1,1172,7.0
2088-05-14 21:58:03,8,126,8,1,1,1.0
2088-05-14 22:00:02,8,119,8,1,809,7.0
2088-05-14 22:07:20,8,156,8,1,136,0.0
2088-05-14 22:13:02,2,123,4,1,1206,7.0
2088-05-14 22:15:01,2,123,4,1,496,7.0
2088-05-14 22:26:00,8,90,8,1,1,1.0
2088-05-14 22:26:07,8,156,8,1,990,0.0
2088-05-14 22:30:00,8,156,8,1,279,0.0
2088-05-14 22:38:01,8,156,8,1,1133,0.0
2088-05-14 22:39:00,2,123,4,1,1255,7.0
2088-05-14 22:44:02,1,156,6,0,210,16.0
2088-05-14 22:46:01,2,123,4,1,1202,7.0
2088-05-14 22:50:01,2,123,4,1,111,7.0
2088-05-14 22:55:05,2,123,4,1,669,7.0
2088-05-14 22:57:00,2,123,4,1,233,7.0
2088-05-14 22:58:00,2,123,4,1,1558,7.0
2088-05-14 23:00:34,2,123,4,1,755,7.0
2088-05-14 23:04:01,8,156,8,1,912,0.0
2088-05-14 23:11:02,8,156,8,1,699,0.0
2088-05-14 23:20:00,2,123,4,1,790,7.0
2088-05-14 23:21:04,8,156,8,1,846,0.0
2088-05-14 23:30:00,1,156,6,1,361,3.0
2088-05-14 23:31:01,8,156,8,1,1079,0.0
2088-05-14 23:33:00,7,125,6,1,1,1.0
2088-05-14 23:39:02,8,156,8,1,890,0.0
2088-05-14 23:42:00,2,123,4,1,1514,7.0
2088-05-14 23:46:00,8,120,8,1,1236,7.0
2088-05-14 23:46:09,2,123,4,1,353,7.0
2088-05-14 23:47:06,2,123,4,1,688,7.0
2088-05-14 23:47:07,2,123,4,1,611,7.0
2088-05-14 23:51:08,8,124,8,1,0,1.0
2088-05-14 23:56:00,8,156,8,1,1557,0.0
2088-05-15 00:12:01,2,123,4,1,736,7.0
2088-05-15 00:12:02,8,156,8,1,1119,0.0
2088-05-15 00:45:00,2,123,4,1,1267,7.0
2088-05-15 00:55:00,2,123,4,1,1446,7.0
2088-05-15 01:31:00,2,123,4,1,664,7.0
2088-05-15 01:32:02,1,156,6,1,382,45.0
2088-05-15 01:41:00,8,156,8,1,545,0.0
2088-05-15 02:26:00,8,156,0,1,1051,13.0
2088-05-15 02:32:02,2,123,4,1,1025,7.0
2088-05-15 02:43:02,8,156,8,1,133,0.0
2088-05-15 02:44:02,8,156,8,1,497,0.0
2088-05-15 02:57:03,8,156,8,1,1428,0.0
2088-05-15 03:39:01,2,123,4,1,1232,7.0
2088-05-15 03:55:00,8,156,0,1,960,13.0
2088-05-15 04:05:01,8,156,8,1,604,0.0
2088-05-15 04:11:03,1,156,6,1,37,14.0
2088-05-15 04:25:03,1,156,6,1,1128,13.0
2088-05-15 04:50:00,1,156,6,1,270,53.0
2088-05-15 04:50:02,8,35,8,1,1,1.0
2088-05-15 04:57:00,8,156,8,1,612,0.0
2088-05-15 04:57:01,8,156,8,1,1131,0.0
2088-05-15 05:08:00,8,136,8,1,882,1.0
2088-05-15 05:42:00,8,156,8,1,1407,0.0
2088-05-15 05:48:01,1,156,6,0,350,16.0
2088-05-15 06:01:01,8,119,8,1,880,7.0
2088-05-15 06:03:00,8,139,8,1,192,1.0
2088-05-15 06:07:15,1,156,6,1,472,47.0
2088-05-15 06:24:00,1,156,6,0,211,
2088-05-15 06:32:02,7,156,1,1,1151,4.0
2088-05-15 06:32:03,8,62,8,1,1,1.0
2088-05-15 06:36:01,8,21,8,1,587,1.0
2088-05-15 06:41:00,8,57,8,1,1195,1.0
2088-05-15 06:58:00,8,156,8,1,537,0.0
2088-05-15 06:59:00,8,156,8,1,388,0.0
2088-05-15 07:27:01,8,1,8,1,0,1.0
2088-05-15 07:30:00,2,123,4,1,1333,7.0
2088-05-15 07:35:00,8,156,8,1,596,0.0
2088-05-15 07:38:00,8,156,8,1,590,0.0
2088-05-15 07:38:01,8,156,8,1,896,0.0
2088-05-15 07:49:01,8,156,8,1,487,0.0
2088-05-15 07:53:00,2,123,4,1,1104,7.0
2088-05-15 07:54:04,8,156,8,1,14,0.0
2088-05-15 07:57:02,8,156,8,1,1461,0.0
2088-05-15 07:59:03,8,156,8,1,70,0.0
2088-05-15 08:03:00,8,156,8,1,591,0.0
2088-05-15 08:06:00,8,156,8,1,450,0.0
2088-05-15 08:07:13,8,156,8,1,711,0.0
2088-05-15 08:13:00,8,156,8,1,1376,0.0
2088-05-15 08:13:01,8,82,8,1,0,1.0
2088-05-15 08:24:00,8,156,8,1,341,0.0
2088-05-15 08:39:01,8,156,8,1,20,0.0
2088-05-15 08:40:00,8,156,8,1,1252,0.0
2088-05-15 08:40:31,8,156,8,1,1156,0.0
2088-05-15 08:44:00,8,87,8,1,414,1.0
2088-05-15 08:45:01,8,156,8,1,1504,0.0
2088-05-15 08:49:00,8,156,8,1,1427,0.0
2088-05-15 09:08:00,8,156,8,1,1147,0.0
2088-05-15 09:09:02,8,156,8,1,263,0.0
2088-05-15 09:13:00,2,123,4,1,265,7.0
2088-05-15 09:21:00,8,156,8,1,885,0.0
2088-05-15 09:23:00,8,156,8,1,1128,0.0
2088-05-15 09:24:01,2,123,4,1,534,7.0
2088-05-15 09:28:01,8,156,8,1,1579,0.0
2088-05-15 09:31:00,8,156,8,1,371,0.0
2088-05-15 09:33:00,8,121,8,1,309,7.0
2088-05-15 09:40:01,2,123,4,1,442,7.0
2088-05-15 09:44:01,8,156,8,1,1069,0.0
2088-05-15 09:44:02,8,156,8,1,1208,0.0
2088-05-15 09:47:02,8,156,8,1,444,0.0
2088-05-15 09:56:02,2,123,4,1,829,7.0
2088-05-15 09:57:00,8,156,8,1,1294,0.0
2088-05-15 10:00:01,8,124,8,1,396,1.0
2088-05-15 10:01:00,2,123,4,1,1009,7.0
2088-05-15 10:06:00,7,156,1,1,1238,4.0
2088-05-15 10:13:01,8,156,8,1,1093,0.0
2088-05-15 10:13:02,8,156,8,1,1059,0.0
2088-05-15 10:16:03,2,123,4,1,1407,7.0
2088-05-15 10:19:00,8,156,8,1,359,0.0
2088-05-15 10:21:00,8,156,8,1,46,0.0
2088-05-15 10:24:03,8,55,8,1,1,1.0
2088-05-15 10:24:05,8,156,8,1,250,0.0
2088-05-15 10:30:03,8,156,8,1,1433,0.0
2088-05-15 10:32:00,8,156,8,1,1397,0.0
2088-05-15 10:34:00,8,156,8,1,292,0.0
2088-05-15 10:43:02,2,123,4,1,813,7.0
2088-05-15 10:46:01,8,156,8,1,180,0.0
2088-05-15 10:46:03,8,156,8,1,658,0.0
2088-05-15 10:50:04,8,156,8,1,1447,0.0
2088-05-15 10:54:03,8,121,8,1,724,7.0
2088-05-15 10:58:03,8,156,8,1,622,0.0
2088-05-15 10:59:01,8,156,8,1,887,0.0
2088-05-15 11:04:00,8,156,8,1,1225,0.0
2088-05-15 11:12:02,8,156,8,1,646,0.0
2088-05-15 11:13:04,8,156,8,1,845,0.0
2088-05-15 11:23:01,8,156,8,1,888,0.0
2088-05-15 11:24:03,2,123,4,1,1405,7.0
2088-05-15 11:29:01,8,156,8,1,750,0.0
2088-05-15 12:00:03,8,156,8,1,304,0.0
2088-05-15 12:04:02,2,123,4,1,1207,7.0
2088-05-15 12:12:01,8,156,8,1,1017,0.0
2088-05-15 12:15:01,8,156,8,1,1321,0.0
2088-05-15 12:16:00,8,156,8,1,1513,0.0
2088-05-15 12:40:02,8,156,8,1,1152,0.0
2088-05-15 12:43:00,8,156,8,1,759,0.0
2088-05-15 12:43:01,2,123,4,1,974,7.0
2088-05-15 12:48:00,8,156,8,1,174,0.0
2088-05-15 13:00:01,2,123,4,1,863,7.0
2088-05-15 13:05:00,8,156,8,1,1305,0.0
2088-05-15 13:06:00,1,156,6,1,1438,3.0
2088-05-15 13:18:01,8,32,8,1,1,1.0
2088-05-15 13:20:03,8,156,8,1,935,0.0
2088-05-15 13:21:02,2,123,4,1,805,7.0
2088-05-15 13:22:06,8,156,8,1,56,0.0
2088-05-15 13:23:01,8,156,8,1,1284,0.0
2088-05-15 13:24:02,8,156,8,1,92,0.0
2088-05-15 13:25:03,2,123,4,1,1497,7.0
2088-05-15 13:37:01,8,156,8,1,740,0.0
2088-05-15 13:40:00,8,125,8,1,1,1.0
2088-05-15 13:45:00,8,156,8,1,1349,0.0
2088-05-15 13:46:01,8,156,8,1,59,0.0
2088-05-15 13:53:00,8,156,8,1,1063,0.0
2088-05-15 13:59:01,8,156,8,1,457,0.0
2088-05-15 14:00:01,8,156,8,1,1575,0.0
2088-05-15 14:13:00,8,156,8,1,1103,0.0
2088-05-15 14:15:02,2,123,4,1,1583,7.0
2088-05-15 14:20:03,8,156,8,1,441,0.0
2088-05-15 14:24:00,8,156,8,1,1528,0.0
2088-05-15 14:31:02,8,156,8,1,43,0.0
2088-05-15 14:33:03,8,156,8,1,729,0.0
2088-05-15 14:35:00,8,156,8,1,1409,0.0
2088-05-15 14:39:01,8,156,8,1,367,0.0
2088-05-15 14:41:02,8,156,8,1,195,0.0
2088-05-15 14:42:01,8,156,8,1,1536,0.0
2088-05-15 14:43:00,7,142,6,1,875,7.0
2088-05-15 14:45:51,7,142,6,1,361,7.0
2088-05-15 14:46:00,7,142,6,1,1565,7.0
2088-05-15 14:49:00,7,142,6,1,1090,7.0
2088-05-15 14:49:04,7,142,6,1,957,7.0
2088-05-15 14:54:02,8,156,8,1,1244,0.0
2088-05-15 14:56:00,2,123,4,1,870,7.0
2088-05-15 14:56:01,2,123,4,1,278,7.0
2088-05-15 15:03:03,8,156,8,1,1164,0.0
2088-05-15 15:05:01,8,156,5,1,545,2.0
2088-05-15 15:06:01,8,156,8,1,1345,0.0
2088-05-15 15:09:01,8,156,8,1,1313,0.0
2088-05-15 15:15:02,8,156,8,1,1353,0.0
2088-05-15 15:15:03,2,123,4,1,1459,7.0
2088-05-15 15:21:00,8,156,8,1,704,0.0
2088-05-15 15:21:01,2,123,4,1,1439,7.0
2088-05-15 15:23:00,2,123,4,1,1027,7.0
2088-05-15 15:24:01,8,156,8,1,1238,0.0
2088-05-15 15:25:00,2,123,4,1,396,7.0
2088-05-15 15:25:05,8,156,8,1,513,0.0
2088-05-15 15:28:00,8,156,8,1,627,0.0
2088-05-15 15:29:00,8,156,8,1,1494,0.0
2088-05-15 15:32:00,2,123,4,1,685,7.0
2088-05-15 15:33:03,2,123,4,1,1386,7.0
2088-05-15 15:35:01,2,123,4,1,560,7.0
2088-05-15 15:38:00,8,156,8,1,892,0.0
2088-05-15 15:52:01,8,156,8,1,517,0.0
2088-05-15 15:58:01,1,156,6,0,48,14.0
2088-05-15 15:59:01,1,156,6,0,48,53.0
2088-05-15 16:00:00,2,123,4,1,653,7.0
2088-05-15 16:01:07,7,123,6,1,653,7.0
2088-05-15 16:03:02,8,156,8,1,661,0.0
2088-05-15 16:03:04,8,156,8,1,1582,0.0
2088-05-15 16:03:06,8,156,8,1,784,0.0
2088-05-15 16:15:00,1,156,6,0,48,47.0
2088-05-15 16:16:01,8,156,8,1,36,0.0
2088-05-15 16:17:00,8,156,8,1,31,0.0
2088-05-15 16:19:01,8,156,8,1,445,0.0
2088-05-15 16:20:01,8,120,8,1,571,7.0
2088-05-15 16:31:00,8,156,5,1,523,2.0
2088-05-15 16:41:02,8,156,8,1,1309,0.0
2088-05-15 16:45:00,8,156,8,1,172,0.0
2088-05-15 16:49:01,8,156,8,1,157,0.0
2088-05-15 16:58:02,8,156,8,1,1136,0.0
2088-05-15 16:59:01,2,123,4,1,1072,7.0
2088-05-15 17:12:04,8,156,8,1,368,0.0
2088-05-15 17:13:01,8,156,8,1,1019,0.0
2088-05-15 17:14:01,8,156,8,1,1170,0.0
2088-05-15 17:18:00,8,156,8,1,1042,0.0
2088-05-15 17:23:00,8,156,8,1,1006,0.0
2088-05-15 17:24:00,8,87,8,1,1283,1.0
2088-05-15 17:25:02,2,123,4,1,720,7.0
2088-05-15 17:28:01,2,123,4,1,981,7.0
2088-05-15 17:35:02,2,123,4,1,481,7.0
2088-05-15 17:39:10,8,156,8,1,854,0.0
2088-05-15 17:43:04,8,156,8,1,697,0.0
2088-05-15 17:44:01,8,156,8,1,956,0.0
2088-05-15 17:49:01,2,123,4,1,1474,7.0
2088-05-15 17:51:01,3,82,8,1,376,1.0
2088-05-15 17:57:02,2,123,4,1,1228,7.0
2088-05-15 18:03:04,2,123,4,1,707,7.0
2088-05-15 18:03:07,2,123,4,1,904,7.0
2088-05-15 18:05:00,8,129,8,1,1287,7.0
2088-05-15 18:09:02,8,156,8,1,1384,0.0
2088-05-15 18:10:41,8,156,8,1,1348,0.0
2088-05-15 18:10:43,8,35,8,1,0,1.0
2088-05-15 18:12:02,8,156,8,1,798,0.0
2088-05-15 18:13:00,8,156,2,1,148,13.0
2088-05-15 18:19:01,2,123,4,1,1078,7.0
2088-05-15 18:23:00,2,123,4,1,512,7.0
2088-05-15 18:29:00,8,117,8,1,1348,1.0
2088-05-15 18:29:01,8,156,8,1,1485,0.0
2088-05-15 18:30:00,8,156,8,1,431,0.0
2088-05-15 18:30:03,8,156,8,1,474,0.0
2088-05-15 18:45:00,8,156,8,1,1546,0.0
2088-05-15 18:45:03,8,156,8,1,1517,0.0
2088-05-15 18:47:01,8,156,8,1,1293,0.0
2088-05-15 18:47:02,2,123,4,1,937,7.0
2088-05-15 18:48:00,2,123,4,1,978,7.0
2088-05-15 18:48:01,8,156,8,1,1412,0.0
2088-05-15 18:54:00,2,123,4,1,251,7.0
2088-05-15 18:56:00,2,123,4,1,524,7.0
2088-05-15 18:58:00,2,123,4,1,129,7.0
2088-05-15 19:08:24,2,123,4,1,1454,7.0
2088-05-15 19:12:32,8,156,8,1,1483,0.0
2088-05-15 19:14:58,2,123,4,1,867,7.0
2088-05-15 19:17:30,8,156,8,1,280,0.0
2088-05-15 19:18:01,8,156,8,1,539,0.0
2088-05-15 19:23:01,8,156,8,1,196,0.0
2088-05-15 19:24:02,8,156,8,1,365,0.0
2088-05-15 19:24:04,8,156,8,1,948,0.0
2088-05-15 19:25:00,8,156,8,1,965,0.0
2088-05-15 19:25:01,8,156,8,1,121,0.0
2088-05-15 19:27:00,2,123,4,1,615,7.0
2088-05-15 19:28:01,2,123,4,1,1281,7.0
2088-05-15 19:30:03,2,123,4,1,66,7.0
2088-05-15 19:38:05,6,6,4,1,1,1.0
2088-05-15 19:39:21,8,1,8,1,1003,1.0
2088-05-15 19:39:27,8,1,8,1,831,1.0
2088-05-15 19:40:21,2,123,4,1,1400,7.0
2088-05-15 19:41:02,2,123,4,1,1515,7.0
2088-05-15 19:44:00,6,6,4,1,0,1.0
2088-05-15 19:44:01,2,123,4,1,487,7.0
2088-05-15 19:44:15,8,6,8,1,0,1.0
2088-05-15 19:45:00,6,6,4,1,97,1.0
2088-05-15 19:45:01,6,6,4,1,1189,1.0
2088-05-15 19:45:03,2,123,4,1,1054,7.0
2088-05-15 19:47:00,8,156,8,1,374,0.0
2088-05-15 19:47:02,6,6,4,1,1450,1.0
2088-05-15 19:47:11,8,156,8,1,1166,0.0
2088-05-15 19:47:16,8,156,8,1,1505,0.0
2088-05-15 19:49:02,8,120,8,1,437,7.0
2088-05-15 19:49:03,8,156,8,1,961,0.0
2088-05-15 19:50:12,8,121,8,1,693,7.0
2088-05-15 19:52:00,6,6,4,1,1407,1.0
2088-05-15 19:54:01,8,156,8,1,1476,0.0
2088-05-15 19:55:02,6,6,4,1,459,1.0
2088-05-15 19:56:01,8,156,8,1,261,0.0
2088-05-15 20:02:00,8,156,8,1,1181,0.0
2088-05-15 20:03:00,8,156,8,1,687,0.0
2088-05-15 20:04:01,2,123,4,1,1205,7.0
2088-05-15 20:08:02,8,156,8,1,1102,0.0
2088-05-15 20:09:01,8,156,8,1,1110,0.0
2088-05-15 20:09:02,2,123,4,1,1033,7.0
2088-05-15 20:16:00,2,123,4,1,1337,7.0
2088-05-15 20:16:09,2,123,4,1,789,7.0
2088-05-15 20:18:00,2,123,4,1,807,7.0
2088-05-15 20:20:03,2,123,4,1,1279,7.0
2088-05-15 20:21:00,2,123,4,1,876,7.0
2088-05-15 20:22:03,8,156,8,1,575,0.0
2088-05-15 20:24:06,8,87,8,1,1348,1.0
2088-05-15 20:24:19,2,123,4,1,64,7.0
2088-05-15 20:26:00,7,156,1,1,1225,12.0
2088-05-15 20:29:00,8,156,8,1,1162,0.0
2088-05-15 20:34:01,2,123,4,1,1456,7.0
2088-05-15 20:40:02,8,124,8,1,265,1.0
2088-05-15 20:42:03,8,156,8,1,8,0.0
2088-05-15 20:51:00,2,123,4,1,651,7.0
2088-05-15 20:56:00,2,123,4,1,38,7.0
2088-05-15 20:56:01,3,94,8,1,706,1.0
2088-05-15 21:00:01,2,123,4,1,480,7.0
2088-05-15 21:00:02,2,123,4,1,775,7.0
2088-05-15 21:03:00,8,129,8,1,1481,7.0
2088-05-15 21:05:05,2,123,4,1,1168,7.0
2088-05-15 21:09:00,8,156,8,1,1333,0.0
2088-05-15 21:20:00,8,156,8,1,1126,0.0
2088-05-15 21:22:00,2,123,4,1,599,7.0
2088-05-15 21:28:03,2,123,4,1,1050,7.0
2088-05-15 21:32:00,2,123,4,1,576,7.0
2088-05-15 21:32:18,2,123,4,1,249,7.0
2088-05-15 21:36:01,8,82,8,1,1408,1.0
2088-05-15 21:44:00,8,156,8,1,1308,0.0
2088-05-15 21:49:00,2,123,4,1,1510,7.0
2088-05-15 21:52:01,2,123,4,1,847,7.0
2088-05-15 21:54:00,2,123,4,1,1221,7.0
2088-05-15 21:55:00,2,123,4,1,1477,7.0
2088-05-15 21:56:06,1,156,6,1,0,13.0
2088-05-15 22:08:00,8,156,8,1,483,0.0
2088-05-15 22:09:03,2,123,4,1,1220,7.0
2088-05-15 22:11:01,8,120,8,1,1045,7.0
2088-05-15 22:12:01,8,156,8,1,694,0.0
2088-05-15 22:14:04,2,123,4,1,640,7.0
2088-05-15 22:15:01,8,156,8,1,1322,0.0
2088-05-15 22:15:04,2,123,4,1,503,7.0
2088-05-15 22:18:03,2,123,4,1,120,7.0
2088-05-15 22:19:07,2,123,4,1,988,7.0
2088-05-15 22:22:00,2,123,4,1,1431,7.0
2088-05-15 22:26:03,8,156,8,1,1522,0.0
2088-05-15 22:27:01,1,156,6,1,237,13.0
2088-05-15 22:28:02,8,156,8,1,760,0.0
2088-05-15 22:30:01,2,123,4,1,435,7.0
2088-05-15 22:42:01,1,156,6,1,37,40.0
2088-05-15 22:44:01,2,123,4,1,631,7.0
2088-05-15 22:44:02,8,156,8,1,1434,0.0
2088-05-15 22:51:01,2,123,4,1,1295,7.0
2088-05-15 22:53:00,2,123,4,1,1068,7.0
2088-05-15 22:53:29,2,123,4,1,757,7.0
2088-05-15 22:58:00,1,156,6,0,382,16.0
2088-05-15 23:00:00,2,123,4,1,614,7.0
2088-05-15 23:00:12,8,156,8,1,797,0.0
2088-05-15 23:02:00,8,21,8,1,0,1.0
2088-05-15 23:09:00,8,156,8,1,547,0.0
2088-05-15 23:15:01,8,156,8,1,864,0.0
2088-05-15 23:16:00,2,123,4,1,1553,7.0
2088-05-15 23:16:05,2,123,4,1,213,7.0
2088-05-15 23:17:00,2,123,4,1,766,7.0
2088-05-15 23:17:01,2,123,4,1,803,7.0
2088-05-15 23:22:01,2,123,4,1,147,7.0
2088-05-15 23:23:00,1,156,6,1,466,3.0
2088-05-15 23:28:01,2,123,4,1,927,7.0
2088-05-15 23:35:01,8,156,8,1,803,0.0
2088-05-15 23:40:00,2,123,4,1,55,7.0
2088-05-15 23:41:00,8,156,8,1,199,0.0
2088-05-15 23:53:02,2,123,4,1,779,7.0
2088-05-15 23:58:01,2,123,4,1,144,7.0
2088-05-15 23:58:03,2,123,4,1,916,7.0
2088-05-16 00:13:01,2,123,4,1,1300,7.0
2088-05-16 00:17:02,8,120,8,1,981,7.0
2088-05-16 00:21:00,2,123,4,1,1158,7.0
2088-05-16 00:36:00,8,156,8,1,1558,0.0
2088-05-16 00:36:01,8,156,8,1,171,0.0
2088-05-16 00:49:00,1,156,6,0,883,
2088-05-16 01:16:01,2,123,4,1,709,7.0
2088-05-16 01:28:01,2,123,4,1,738,7.0
2088-05-16 01:39:00,8,156,2,1,1470,13.0
2088-05-16 01:40:01,2,123,4,1,781,7.0
2088-05-16 01:46:06,2,123,4,1,919,7.0
2088-05-16 02:03:07,2,27,8,1,1407,1.0
2088-05-16 02:15:00,6,27,4,1,1,1.0
2088-05-16 02:15:01,6,82,4,1,1,1.0
2088-05-16 02:15:02,6,122,4,1,1,1.0
2088-05-16 02:15:03,6,135,4,1,1,1.0
2088-05-16 02:15:04,6,106,4,1,1,1.0
2088-05-16 02:15:05,6,97,4,1,706,1.0
2088-05-16 02:15:06,6,37,4,1,1,1.0
2088-05-16 02:15:07,6,0,4,1,1,1.0
2088-05-16 02:15:08,5,0,4,1,1,1.0
2088-05-16 02:15:09,6,90,4,1,1,1.0
2088-05-16 02:15:10,6,17,4,1,1,1.0
2088-05-16 02:15:12,6,21,4,1,758,1.0
2088-05-16 02:15:13,6,64,4,1,1,1.0
2088-05-16 02:15:14,6,92,4,1,1,1.0
2088-05-16 02:15:19,6,1,4,1,1,1.0
2088-05-16 02:15:20,6,37,4,1,1318,1.0
2088-05-16 02:15:21,6,91,4,1,1,1.0
2088-05-16 02:15:23,6,152,4,1,1,1.0
2088-05-16 02:15:24,6,11,4,1,1,1.0
2088-05-16 02:15:25,6,78,4,1,1,1.0
2088-05-16 02:15:26,6,91,4,1,1450,1.0
2088-05-16 02:15:29,6,20,4,1,1,1.0
2088-05-16 02:15:31,6,114,4,1,872,1.0
2088-05-16 02:15:32,6,28,4,1,1,1.0
2088-05-16 02:15:33,6,105,4,1,1,1.0
2088-05-16 02:15:35,6,117,4,1,1,1.0
2088-05-16 02:15:37,6,32,4,1,1,1.0
2088-05-16 02:15:39,6,11,4,1,396,1.0
2088-05-16 02:15:40,6,139,4,1,1,1.0
2088-05-16 02:15:41,6,104,4,1,564,1.0
2088-05-16 02:15:43,6,91,4,1,981,1.0
2088-05-16 02:15:44,6,27,4,1,1183,1.0
2088-05-16 02:15:45,6,149,4,1,376,1.0
2088-05-16 02:15:50,6,69,4,1,1,1.0
2088-05-16 02:15:51,6,102,4,1,0,1.0
2088-05-16 02:15:53,6,5,4,1,1046,1.0
2088-05-16 02:15:54,5,2,4,1,1093,1.0
2088-05-16 02:15:57,6,70,4,1,1,1.0
2088-05-16 02:16:02,6,115,4,1,1,1.0
2088-05-16 02:16:05,6,150,4,1,1,1.0
2088-05-16 02:16:06,6,111,4,1,1,1.0
2088-05-16 02:16:08,6,60,4,1,1,1.0
2088-05-16 02:16:09,6,99,4,1,1,1.0
2088-05-16 02:16:11,6,11,4,1,855,1.0
2088-05-16 02:16:15,6,139,4,1,1488,1.0
2088-05-16 02:16:22,6,27,4,1,981,1.0
2088-05-16 02:16:24,5,91,4,1,1,1.0
2088-05-16 02:16:25,6,36,4,1,1,1.0
2088-05-16 02:16:31,6,49,4,1,1,1.0
2088-05-16 02:16:32,6,91,4,1,1158,1.0
2088-05-16 02:16:33,6,141,4,1,1,1.0
2088-05-16 02:16:36,6,56,4,1,794,1.0
2088-05-16 02:16:37,6,0,4,1,0,1.0
2088-05-16 02:16:39,6,103,4,1,1,1.0
2088-05-16 02:16:40,6,70,4,1,362,1.0
2088-05-16 02:16:41,6,99,4,1,610,1.0
2088-05-16 02:16:43,6,27,4,1,991,1.0
2088-05-16 02:16:44,6,37,4,1,1024,1.0
2088-05-16 02:16:47,6,122,4,1,409,1.0
2088-05-16 02:16:51,6,139,4,1,1408,1.0
2088-05-16 02:16:53,6,72,4,1,1,1.0
2088-05-16 02:16:55,6,140,4,1,1,1.0
2088-05-16 02:16:57,6,18,4,1,1,1.0
2088-05-16 02:16:58,6,1,4,1,1440,1.0
2088-05-16 02:17:00,6,148,4,1,1,1.0
2088-05-16 02:17:01,6,76,4,1,1,1.0
2088-05-16 02:17:02,6,11,4,1,761,1.0
2088-05-16 02:17:04,6,98,4,1,0,1.0
2088-05-16 02:17:05,6,131,4,1,1242,1.0
2088-05-16 02:17:06,6,39,4,1,1,1.0
2088-05-16 02:17:09,6,87,4,1,1071,1.0
2088-05-16 02:17:11,6,89,4,1,531,1.0
2088-05-16 02:17:13,6,46,4,1,1,1.0
2088-05-16 02:17:14,6,133,4,1,0,1.0
2088-05-16 02:17:17,6,37,4,1,1302,1.0
2088-05-16 02:17:18,6,31,4,1,1,1.0
2088-05-16 02:17:25,5,27,4,1,409,1.0
2088-05-16 02:17:26,6,0,4,1,1098,1.0
2088-05-16 02:17:27,6,59,4,1,932,1.0
2088-05-16 02:17:33,6,98,4,1,1,1.0
2088-05-16 02:17:36,6,13,4,1,1,1.0
2088-05-16 02:17:39,6,73,4,1,628,1.0
2088-05-16 02:17:41,6,76,4,1,1407,1.0
2088-05-16 02:17:42,6,109,4,1,1215,1.0
2088-05-16 02:17:45,6,1,4,1,0,1.0
2088-05-16 02:17:49,6,113,4,1,1,1.0
2088-05-16 02:17:52,6,27,4,1,487,1.0
2088-05-16 02:17:54,6,112,4,1,1,1.0
2088-05-16 02:17:55,6,117,4,1,69,1.0
2088-05-16 02:17:56,6,68,4,1,1,1.0
2088-05-16 02:17:59,6,94,4,1,1,1.0
2088-05-16 02:18:01,6,139,4,1,361,1.0
2088-05-16 02:18:02,6,96,4,1,1,1.0
2088-05-16 02:18:14,6,115,4,1,1457,1.0
2088-05-16 02:18:17,6,66,4,1,1,1.0
2088-05-16 02:18:20,6,27,4,1,0,1.0
2088-05-16 02:18:24,6,105,4,1,1397,1.0
2088-05-16 02:18:27,6,1,4,1,66,1.0
2088-05-16 02:18:28,6,96,4,1,0,1.0
2088-05-16 02:18:34,6,47,4,1,287,1.0
2088-05-16 02:18:35,6,2,4,1,1,1.0
2088-05-16 02:18:38,6,27,4,1,390,1.0
2088-05-16 02:18:49,6,87,4,1,1,1.0
2088-05-16 02:18:50,6,37,4,1,376,1.0
2088-05-16 02:18:52,6,85,4,1,706,1.0
2088-05-16 02:18:56,6,0,4,1,1121,1.0
2088-05-16 02:18:58,6,48,4,1,1,1.0
2088-05-16 02:19:06,6,1,4,1,734,1.0
2088-05-16 02:19:09,6,41,4,1,1,1.0
2088-05-16 02:19:11,6,69,4,1,396,1.0
2088-05-16 02:19:14,6,102,4,1,1010,1.0
2088-05-16 02:19:22,6,53,4,1,706,1.0
2088-05-16 02:19:30,6,141,4,1,252,1.0
2088-05-16 02:19:32,6,42,4,1,487,1.0
2088-05-16 02:19:34,6,118,4,1,559,1.0
2088-05-16 02:19:43,6,84,4,1,1,1.0
2088-05-16 02:19:44,6,99,4,1,0,1.0
2088-05-16 02:19:45,6,73,4,1,1,1.0
2088-05-16 02:19:48,6,27,4,1,831,1.0
2088-05-16 02:19:49,6,19,4,1,1,1.0
2088-05-16 02:19:51,6,154,4,1,1,1.0
2088-05-16 02:19:53,6,122,4,1,1372,1.0
2088-05-16 02:19:55,6,135,4,1,851,1.0
2088-05-16 02:19:56,6,37,4,1,0,1.0
2088-05-16 02:19:58,6,15,4,1,1,1.0
2088-05-16 02:19:59,6,83,4,1,1,1.0
2088-05-16 02:20:01,6,70,4,1,178,1.0
2088-05-16 02:20:02,6,143,4,1,1,1.0
2088-05-16 02:20:06,6,91,4,1,1333,1.0
2088-05-16 02:20:08,6,70,4,1,0,1.0
2088-05-16 02:20:10,6,27,4,1,882,1.0
2088-05-16 02:20:13,6,20,4,1,294,1.0
2088-05-16 02:20:15,6,138,4,1,1,1.0
2088-05-16 02:20:18,6,0,4,1,1450,1.0
2088-05-16 02:20:27,6,87,4,1,0,1.0
2088-05-16 02:20:32,6,101,4,1,1,1.0
2088-05-16 02:20:36,6,27,4,1,1407,1.0
2088-05-16 02:20:37,6,147,4,1,1,1.0
2088-05-16 02:20:40,6,106,4,1,1408,1.0
2088-05-16 02:20:44,6,131,4,1,1,1.0
2088-05-16 02:20:49,6,114,4,1,1473,1.0
2088-05-16 02:20:53,6,0,4,1,1407,1.0
2088-05-16 02:20:57,6,99,4,1,706,1.0
2088-05-16 02:21:04,6,94,4,1,440,1.0
2088-05-16 02:21:06,6,149,4,1,1,1.0
2088-05-16 02:21:08,6,55,4,1,1,1.0
2088-05-16 02:21:12,6,92,4,1,0,1.0
2088-05-16 02:21:17,6,101,4,1,0,1.0
2088-05-16 02:21:19,6,60,4,1,318,1.0
2088-05-16 02:21:25,6,34,4,1,686,1.0
2088-05-16 02:21:27,6,91,4,1,0,1.0
2088-05-16 02:21:30,6,134,4,1,899,1.0
2088-05-16 02:21:35,6,122,4,1,152,1.0
2088-05-16 02:21:37,6,139,4,1,0,1.0
2088-05-16 02:21:43,6,90,4,1,487,1.0
2088-05-16 02:21:47,6,117,4,1,0,1.0
2088-05-16 02:21:49,6,90,4,1,1066,1.0
2088-05-16 02:21:54,6,19,4,1,0,1.0
2088-05-16 02:22:08,6,21,4,1,361,1.0
2088-05-16 02:22:10,6,60,4,1,628,1.0
2088-05-16 02:22:11,6,7,4,1,1,1.0
2088-05-16 02:22:14,6,92,4,1,45,1.0
2088-05-16 02:22:16,6,139,4,1,498,1.0
2088-05-16 02:22:17,6,45,4,1,654,1.0
2088-05-16 02:22:28,6,0,4,1,265,1.0
2088-05-16 02:22:31,6,96,4,1,376,1.0
2088-05-16 02:22:34,6,69,4,1,1408,1.0
2088-05-16 02:22:55,6,113,4,1,1124,1.0
2088-05-16 02:22:56,6,54,4,1,1134,1.0
2088-05-16 02:22:57,6,56,4,1,1,1.0
2088-05-16 02:23:06,6,139,4,1,109,1.0
2088-05-16 02:23:11,6,54,4,1,0,1.0
2088-05-16 02:23:12,6,92,4,1,561,1.0
2088-05-16 02:23:16,6,139,4,1,1371,1.0
2088-05-16 02:23:21,6,78,4,1,1488,1.0
2088-05-16 02:23:23,6,70,4,1,409,1.0
2088-05-16 02:23:25,6,37,4,1,219,1.0
2088-05-16 02:23:45,6,29,4,1,1,1.0
2088-05-16 02:23:46,6,1,4,1,167,1.0
2088-05-16 02:23:58,5,37,4,1,1,1.0
2088-05-16 02:24:01,6,37,4,1,706,1.0
2088-05-16 02:24:03,6,91,4,1,460,1.0
2088-05-16 02:24:10,6,151,4,1,1,1.0
2088-05-16 02:24:13,6,38,4,1,0,1.0
2088-05-16 02:24:15,6,91,4,1,706,1.0
2088-05-16 02:24:23,6,22,4,1,1,1.0
2088-05-16 02:24:24,6,95,4,1,628,1.0
2088-05-16 02:24:25,6,147,4,1,982,1.0
2088-05-16 02:24:28,6,48,4,1,0,1.0
2088-05-16 02:24:30,6,1,4,1,907,1.0
2088-05-16 02:24:32,6,27,4,1,409,1.0
2088-05-16 02:24:36,6,33,4,1,0,1.0
2088-05-16 02:24:41,6,117,4,1,1097,1.0
2088-05-16 02:25:01,6,149,4,1,925,1.0
2088-05-16 02:25:05,6,0,4,1,1558,1.0
2088-05-16 02:25:06,6,69,4,1,1407,1.0
2088-05-16 02:25:11,6,122,4,1,1281,1.0
2088-05-16 02:25:13,6,55,4,1,1254,1.0
2088-05-16 02:25:14,6,69,4,1,1142,1.0
2088-05-16 02:25:18,6,70,4,1,144,1.0
2088-05-16 02:25:26,6,69,4,1,232,1.0
2088-05-16 02:25:29,6,78,4,1,1381,1.0
2088-05-16 02:25:41,6,139,4,1,1189,1.0
2088-05-16 02:25:43,6,0,4,1,582,1.0
2088-05-16 02:26:04,6,4,4,1,1,1.0
2088-05-16 02:26:07,6,69,4,1,0,1.0
2088-05-16 02:26:11,6,90,4,1,0,1.0
2088-05-16 02:26:26,6,27,4,1,401,1.0
2088-05-16 02:26:34,6,0,4,1,1408,1.0
2088-05-16 02:26:36,6,66,4,1,706,1.0
2088-05-16 02:26:37,6,36,4,1,1247,1.0
2088-05-16 02:26:46,6,11,4,1,1457,1.0
2088-05-16 02:26:53,6,37,4,1,439,1.0
2088-05-16 02:27:06,6,37,4,1,851,1.0
2088-05-16 02:27:10,6,149,4,1,1488,1.0
2088-05-16 02:27:14,6,78,4,1,0,1.0
2088-05-16 02:27:21,6,91,4,1,804,1.0
2088-05-16 02:27:24,6,139,4,1,276,1.0
2088-05-16 02:27:25,6,110,4,1,1,1.0
2088-05-16 02:27:41,6,0,4,1,152,1.0
2088-05-16 02:27:56,6,115,4,1,1251,1.0
2088-05-16 02:27:57,6,0,4,1,659,1.0
2088-05-16 02:28:04,6,9,4,1,1,1.0
2088-05-16 02:28:08,6,122,4,1,563,1.0
2088-05-16 02:28:20,6,27,4,1,1032,1.0
2088-05-16 02:28:33,6,133,4,1,1,1.0
2088-05-16 02:28:34,6,0,4,1,985,1.0
2088-05-16 02:28:41,6,52,4,1,1,1.0
2088-05-16 02:28:43,6,69,4,1,628,1.0
2088-05-16 02:28:45,6,90,4,1,628,1.0
2088-05-16 02:28:51,6,139,4,1,490,1.0
2088-05-16 02:28:54,6,0,4,1,700,1.0
2088-05-16 02:28:57,6,96,4,1,1407,1.0
2088-05-16 02:28:59,6,122,4,1,1023,1.0
2088-05-16 02:29:05,6,104,4,1,1381,1.0
2088-05-16 02:29:07,6,37,4,1,287,1.0
2088-05-16 02:29:08,6,102,4,1,294,1.0
2088-05-16 02:29:15,6,24,4,1,1,1.0
2088-05-16 02:29:21,6,1,4,1,731,1.0
2088-05-16 02:29:22,6,0,4,1,181,1.0
2088-05-16 02:29:32,6,82,4,1,1041,1.0
2088-05-16 02:29:36,5,122,4,1,1,1.0
2088-05-16 02:29:45,6,82,4,1,1407,1.0
2088-05-16 02:29:48,5,106,4,1,454,1.0
2088-05-16 02:29:50,6,1,4,1,631,1.0
2088-05-16 02:29:53,6,37,4,1,1221,1.0
2088-05-16 02:29:54,6,106,4,1,454,1.0
2088-05-16 02:30:22,6,1,4,1,204,1.0
2088-05-16 02:30:30,6,11,4,1,1107,1.0
2088-05-16 02:30:31,6,122,4,1,1501,1.0
2088-05-16 02:30:35,6,139,4,1,188,1.0
2088-05-16 02:30:39,6,99,4,1,498,1.0
2088-05-16 02:30:45,6,55,4,1,1238,1.0
2088-05-16 02:30:51,6,114,4,1,1,1.0
2088-05-16 02:30:52,6,39,4,1,1104,1.0
2088-05-16 02:30:54,6,122,4,1,568,1.0
2088-05-16 02:31:01,6,99,4,1,63,1.0
2088-05-16 02:31:04,6,27,4,1,1011,1.0
2088-05-16 02:31:05,6,130,4,1,1,1.0
2088-05-16 02:31:12,6,0,4,1,1265,1.0
2088-05-16 02:31:20,6,82,4,1,0,1.0
2088-05-16 02:31:32,6,0,4,1,706,1.0
2088-05-16 02:32:03,6,0,4,1,681,1.0
2088-05-16 02:32:49,6,30,4,1,1,1.0
2088-05-16 02:32:53,6,27,4,1,973,1.0
2088-05-16 02:33:02,6,92,4,1,1450,1.0
2088-05-16 02:33:13,6,146,4,1,1,1.0
2088-05-16 02:33:31,6,37,4,1,594,1.0
2088-05-16 02:33:47,6,99,4,1,628,1.0
2088-05-16 02:33:55,6,93,4,1,706,1.0
2088-05-16 02:33:56,6,143,4,1,1254,1.0
2088-05-16 02:34:07,6,0,4,1,592,1.0
2088-05-16 02:34:10,6,1,4,1,754,1.0
2088-05-16 02:34:13,6,130,4,1,1355,1.0
2088-05-16 02:34:20,6,69,4,1,409,1.0
2088-05-16 02:34:21,6,122,4,1,287,1.0
2088-05-16 02:34:36,6,37,4,1,453,1.0
2088-05-16 02:34:51,6,102,4,1,1052,1.0
2088-05-16 02:34:55,6,99,4,1,1221,1.0
2088-05-16 02:35:29,6,78,4,1,831,1.0
2088-05-16 02:35:36,6,27,4,1,152,1.0
2088-05-16 02:36:19,6,150,4,1,0,1.0
2088-05-16 02:36:20,6,27,4,1,376,1.0
2088-05-16 02:36:23,6,44,4,1,1,1.0
2088-05-16 02:36:26,6,82,4,1,1169,1.0
2088-05-16 02:36:27,6,0,4,1,55,1.0
2088-05-16 02:37:02,6,37,4,1,1144,1.0
2088-05-16 02:37:07,6,90,4,1,1238,1.0
2088-05-16 02:37:08,6,27,4,1,1488,1.0
2088-05-16 02:37:33,6,2,4,1,1093,1.0
2088-05-16 02:37:34,6,91,4,1,2,1.0
2088-05-16 02:37:36,6,27,4,1,1117,1.0
2088-05-16 02:37:41,6,139,4,1,893,1.0
2088-05-16 02:37:48,6,0,4,1,478,1.0
2088-05-16 02:37:58,6,139,4,1,611,1.0
2088-05-16 02:38:05,6,32,4,1,1571,1.0
2088-05-16 02:38:28,6,78,4,1,1479,1.0
2088-05-16 02:38:38,6,112,4,1,1258,1.0
2088-05-16 02:38:39,6,136,4,1,116,1.0
2088-05-16 02:38:56,6,137,4,1,1,1.0
2088-05-16 02:39:04,6,55,4,1,487,1.0
2088-05-16 02:39:28,6,0,4,1,911,1.0
2088-05-16 02:39:48,6,69,4,1,1488,1.0
2088-05-16 02:39:56,5,69,4,1,1,1.0
2088-05-16 02:40:14,6,69,4,1,1348,1.0
2088-05-16 02:40:16,6,69,4,1,706,1.0
2088-05-16 02:40:28,5,0,4,1,525,1.0
2088-05-16 02:40:35,6,5,4,1,1,1.0
2088-05-16 02:40:38,6,104,4,1,1,1.0
2088-05-16 02:40:39,6,113,4,1,1488,1.0
2088-05-16 02:40:40,6,0,4,1,498,1.0
2088-05-16 02:40:58,6,27,4,1,1093,1.0
2088-05-16 02:41:30,6,37,4,1,734,1.0
2088-05-16 02:41:46,6,99,4,1,1180,1.0
2088-05-16 02:42:15,6,122,4,1,0,1.0
2088-05-16 02:42:34,6,37,4,1,1093,1.0
2088-05-16 02:42:43,6,27,4,1,754,1.0
2088-05-16 02:43:23,6,0,4,1,167,1.0
2088-05-16 02:43:29,6,69,4,1,1559,1.0
2088-05-16 02:43:38,6,26,4,1,1,1.0
2088-05-16 02:43:52,6,0,4,1,536,1.0
2088-05-16 02:44:04,6,79,4,1,1,1.0
2088-05-16 02:44:06,6,1,4,1,455,1.0
2088-05-16 02:44:12,6,105,4,1,929,1.0
2088-05-16 02:44:13,6,27,4,1,167,1.0
2088-05-16 02:44:42,6,18,4,1,0,1.0
2088-05-16 02:44:57,6,27,4,1,1332,1.0
2088-05-16 02:45:17,6,139,4,1,1348,1.0
2088-05-16 02:45:47,6,102,4,1,1488,1.0
2088-05-16 02:45:58,6,136,4,1,734,1.0
2088-05-16 02:46:16,6,149,4,1,1150,1.0
2088-05-16 02:46:22,6,117,4,1,1093,1.0
2088-05-16 02:46:38,6,27,4,1,268,1.0
2088-05-16 02:47:16,6,33,4,1,851,1.0
2088-05-16 02:47:44,6,122,4,1,706,1.0
2088-05-16 02:47:54,6,139,4,1,754,1.0
2088-05-16 02:48:51,6,70,4,1,467,1.0
2088-05-16 02:49:07,6,92,4,1,454,1.0
2088-05-16 02:49:17,6,88,4,1,1,1.0
2088-05-16 02:49:30,6,70,4,1,396,1.0
2088-05-16 02:49:37,6,84,4,1,409,1.0
2088-05-16 02:49:53,6,0,4,1,1348,1.0
2088-05-16 02:50:02,6,27,4,1,1408,1.0
2088-05-16 02:50:05,5,37,4,1,376,1.0
2088-05-16 02:50:15,6,133,4,1,347,1.0
2088-05-16 02:50:21,6,139,4,1,567,1.0
2088-05-16 02:51:13,6,28,4,1,498,1.0
2088-05-16 02:52:19,6,122,4,1,491,1.0
2088-05-16 02:52:24,6,144,4,1,1,1.0
2088-05-16 02:52:58,6,96,4,1,82,1.0
2088-05-16 02:52:59,6,135,4,1,1093,1.0
2088-05-16 02:53:27,6,43,4,1,1,1.0
2088-05-16 02:53:35,6,1,4,1,1335,1.0
2088-05-16 02:53:48,6,147,4,1,0,1.0
2088-05-16 02:54:00,6,37,4,1,645,1.0
2088-05-16 02:54:02,6,69,4,1,444,1.0
2088-05-16 02:54:21,6,37,4,1,1571,1.0
2088-05-16 02:54:29,6,0,4,1,705,1.0
2088-05-16 02:55:18,6,0,4,1,645,1.0
2088-05-16 02:55:19,6,3,4,1,0,1.0
2088-05-16 02:55:20,6,149,4,1,0,1.0
2088-05-16 02:55:23,6,131,4,1,1408,1.0
2088-05-16 02:55:32,6,27,4,1,1571,1.0
2088-05-16 02:55:38,6,27,4,1,709,1.0
2088-05-16 02:55:51,6,136,4,1,801,1.0
2088-05-16 02:56:05,6,117,4,1,376,1.0
2088-05-16 02:56:06,6,27,4,1,628,1.0
2088-05-16 02:56:30,6,131,4,1,295,1.0
2088-05-16 02:56:37,6,152,4,1,0,1.0
2088-05-16 02:56:55,5,27,4,1,1407,1.0
2088-05-16 02:57:05,6,27,4,1,899,1.0
2088-05-16 02:57:12,6,20,4,1,1236,1.0
2088-05-16 02:57:26,6,131,4,1,1407,1.0
2088-05-16 02:57:47,5,101,4,1,1,1.0
2088-05-16 02:57:49,5,27,4,1,1,1.0
2088-05-16 02:58:24,6,0,4,1,882,1.0
2088-05-16 02:58:55,6,122,4,1,1423,1.0
2088-05-16 02:59:30,6,5,4,1,215,1.0
2088-05-16 02:59:34,6,60,4,1,966,1.0
2088-05-16 03:00:28,6,6,4,1,1408,1.0
2088-05-16 03:00:54,6,140,4,1,563,1.0
2088-05-16 03:01:00,6,69,4,1,840,1.0
2088-05-16 03:01:24,6,37,4,1,396,1.0
2088-05-16 03:01:36,6,91,4,1,419,1.0
2088-05-16 03:01:41,6,37,4,1,1333,1.0
2088-05-16 03:01:50,6,54,4,1,1,1.0
2088-05-16 03:01:53,6,139,4,1,1093,1.0
2088-05-16 03:02:40,5,115,4,1,1457,1.0
2088-05-16 03:03:10,5,69,4,1,1407,1.0
2088-05-16 03:03:27,6,47,4,1,1,1.0
2088-05-16 03:04:58,6,20,4,1,1407,1.0
2088-05-16 03:05:28,6,139,4,1,706,1.0
2088-05-16 03:05:36,6,132,4,1,1128,1.0
2088-05-16 03:05:41,6,139,4,1,94,1.0
2088-05-16 03:06:23,6,102,4,1,1031,1.0
2088-05-16 03:06:57,6,0,4,1,981,1.0
2088-05-16 03:07:20,6,122,4,1,628,1.0
2088-05-16 03:07:52,6,147,4,1,1361,1.0
2088-05-16 03:08:02,5,131,4,1,1408,1.0
2088-05-16 03:08:57,6,132,4,1,1,1.0
2088-05-16 03:13:46,5,82,4,1,706,1.0
2088-05-16 03:13:48,5,90,4,1,1,1.0
2088-05-16 03:14:34,6,84,4,1,754,1.0
2088-05-16 03:15:46,5,91,4,1,570,1.0
2088-05-16 03:17:11,6,131,4,1,902,1.0
2088-05-16 03:17:30,6,27,4,1,360,1.0
2088-05-16 03:17:51,6,2,4,1,1290,1.0
2088-05-16 03:17:52,6,111,4,1,265,1.0
2088-05-16 03:17:54,6,2,4,1,0,1.0
2088-05-16 03:19:38,6,90,4,1,803,1.0
2088-05-16 03:20:03,6,84,4,1,628,1.0
2088-05-16 03:20:26,5,147,4,1,1,1.0
2088-05-16 03:20:32,6,122,4,1,1367,1.0
2088-05-16 03:21:26,6,55,4,1,0,1.0
2088-05-16 03:21:30,6,99,4,1,1407,1.0
2088-05-16 03:21:44,6,91,4,1,570,1.0
2088-05-16 03:22:23,6,0,4,1,525,1.0
2088-05-16 03:22:56,5,27,4,1,167,1.0
2088-05-16 03:26:07,6,116,4,1,657,1.0
2088-05-16 03:28:06,6,0,4,1,1539,1.0
2088-05-16 03:28:26,6,0,4,1,1440,1.0
2088-05-16 03:29:54,6,90,4,1,1453,1.0
2088-05-16 03:34:09,6,27,4,1,907,1.0
2088-05-16 03:34:10,6,27,4,1,851,1.0
2088-05-16 03:34:59,6,140,4,1,285,1.0
2088-05-16 03:35:04,5,37,4,1,734,1.0
2088-05-16 03:40:01,5,0,4,1,981,1.0
2088-05-16 03:40:10,6,49,4,1,1238,1.0
2088-05-16 03:40:38,6,152,4,1,1174,1.0
2088-05-16 03:40:48,6,102,4,1,1211,1.0
2088-05-16 03:41:07,6,69,4,1,1465,1.0
2088-05-16 03:41:41,6,90,4,1,295,1.0
2088-05-16 03:43:20,5,139,4,1,0,1.0
2088-05-16 03:43:44,5,27,4,1,981,1.0
2088-05-16 03:44:24,5,99,4,1,0,1.0
2088-05-16 03:44:26,5,99,4,1,1,1.0
2088-05-16 03:44:37,6,99,4,1,865,1.0
2088-05-16 03:45:26,6,0,4,1,1424,1.0
2088-05-16 03:45:27,6,117,4,1,853,1.0
2088-05-16 03:45:50,6,69,4,1,1479,1.0
2088-05-16 03:46:58,6,135,4,1,736,1.0
2088-05-16 03:47:11,6,90,4,1,1363,1.0
2088-05-16 03:47:32,5,70,4,1,1,1.0
2088-05-16 03:51:40,6,58,4,1,1,1.0
2088-05-16 03:51:57,6,0,4,1,437,1.0
2088-05-16 03:52:53,6,1,4,1,730,1.0
2088-05-16 03:53:51,6,49,4,1,251,1.0
2088-05-16 03:58:10,6,37,4,1,753,1.0
2088-05-16 04:00:39,6,0,4,1,574,1.0
2088-05-16 04:01:12,5,27,4,1,1093,1.0
2088-05-16 04:04:01,6,25,4,1,1,1.0
2088-05-16 04:04:07,6,15,4,1,409,1.0
2088-05-16 04:09:09,6,96,4,1,94,1.0
2088-05-16 04:09:55,6,28,4,1,1134,1.0
2088-05-16 04:10:51,5,0,4,1,478,1.0
2088-05-16 04:12:52,6,69,4,1,1334,1.0
2088-05-16 04:14:15,6,139,4,1,1374,1.0
2088-05-16 04:17:04,6,122,4,1,456,1.0
2088-05-16 04:18:15,5,37,4,1,1024,1.0
2088-05-16 04:22:05,5,139,4,1,1,1.0
2088-05-16 04:25:30,2,148,8,1,1,1.0
2088-05-16 04:27:25,6,115,4,1,754,1.0
2088-05-16 04:33:33,5,46,4,1,1,1.0
2088-05-16 04:34:15,6,3,4,1,1,1.0
2088-05-16 04:35:50,5,122,4,1,1372,1.0
2088-05-16 04:42:34,5,37,4,1,0,1.0
2088-05-16 04:47:13,6,49,4,1,765,1.0
2088-05-16 04:49:51,5,122,4,1,1501,1.0
2088-05-16 04:52:30,5,1,4,1,1,1.0
2088-05-16 05:03:39,5,141,4,1,1,1.0
2088-05-16 05:08:11,5,69,4,1,1142,1.0
2088-05-16 05:08:46,6,82,4,1,396,1.0
2088-05-16 05:11:47,5,106,4,1,1,1.0
2088-05-16 05:11:55,5,5,4,1,1,1.0
2088-05-16 05:15:59,8,129,8,1,1300,7.0
2088-05-16 05:16:05,8,156,8,1,1148,0.0
2088-05-16 05:16:52,6,152,4,1,706,1.0
2088-05-16 05:16:56,6,37,4,1,318,1.0
2088-05-16 05:17:38,6,92,4,1,1254,1.0
2088-05-16 05:18:16,6,55,4,1,63,1.0
2088-05-16 05:18:17,6,42,4,1,0,1.0
2088-05-16 05:18:49,6,1,4,1,1254,1.0
2088-05-16 05:19:09,6,5,4,1,248,1.0
2088-05-16 05:19:17,6,109,4,1,1,1.0
2088-05-16 05:20:03,6,37,4,1,1450,1.0
2088-05-16 05:21:33,6,72,4,1,0,1.0
2088-05-16 05:21:49,6,24,4,1,0,1.0
2088-05-16 05:22:03,6,0,4,1,182,1.0
2088-05-16 05:22:06,6,139,4,1,1258,1.0
2088-05-16 05:22:22,6,78,4,1,781,1.0
2088-05-16 05:23:10,6,130,4,1,1097,1.0
2088-05-16 05:24:02,6,27,4,1,109,1.0
2088-05-16 05:24:12,6,139,4,1,628,1.0
2088-05-16 05:25:52,6,106,4,1,643,1.0
2088-05-16 05:27:01,6,0,4,1,366,1.0
2088-05-16 05:27:51,6,42,4,1,1,1.0
2088-05-16 05:30:08,6,25,4,1,1348,1.0
2088-05-16 05:31:24,6,99,4,1,561,1.0
2088-05-16 05:35:47,6,139,4,1,560,1.0
2088-05-16 05:36:16,6,49,4,1,295,1.0
2088-05-16 05:36:18,6,55,4,1,94,1.0
2088-05-16 05:39:27,6,127,4,1,628,1.0
2088-05-16 05:39:45,6,27,4,1,2,1.0
2088-05-16 05:41:39,6,27,4,1,1137,1.0
2088-05-16 05:42:00,6,99,4,1,423,1.0
2088-05-16 05:46:28,6,101,4,1,1488,1.0
2088-05-16 05:54:24,6,140,4,1,295,1.0
2088-05-16 05:56:22,6,60,4,1,0,1.0
2088-05-16 06:02:35,6,11,4,1,598,1.0
2088-05-16 06:07:22,6,139,4,1,1331,1.0
2088-05-16 06:23:08,6,78,4,1,1197,1.0
2088-05-16 06:31:43,6,27,4,1,94,1.0
2088-05-16 06:33:04,6,99,4,1,354,1.0
2088-05-16 06:40:10,6,55,4,1,1481,1.0
2088-05-16 07:06:16,6,84,4,1,0,1.0
2088-05-16 07:15:01,5,20,4,1,1,1.0
2088-05-16 07:15:16,5,96,4,1,1,1.0
2088-05-16 07:15:23,5,90,4,1,0,1.0
2088-05-16 07:15:53,5,0,4,1,1408,1.0
2088-05-16 07:16:06,5,0,4,1,1450,1.0
2088-05-16 07:16:09,5,139,4,1,1189,1.0
2088-05-16 07:16:38,5,111,4,1,1,1.0
2088-05-16 07:16:48,5,55,4,1,487,1.0
2088-05-16 07:17:35,6,117,4,1,295,1.0
2088-05-16 07:18:11,5,114,4,1,872,1.0
2088-05-16 07:18:14,5,122,4,1,1423,1.0
2088-05-16 07:18:18,5,140,4,1,1,1.0
2088-05-16 07:18:19,5,0,4,1,1265,1.0
2088-05-16 07:18:20,5,78,4,1,1,1.0
2088-05-16 07:18:57,5,139,4,1,1408,1.0
2088-05-16 07:19:46,5,0,4,1,181,1.0
2088-05-16 07:20:19,5,139,4,1,1488,1.0
2088-05-16 07:21:27,5,60,4,1,1,1.0
2088-05-16 07:22:28,5,139,4,1,893,1.0
2088-05-16 07:22:50,5,1,4,1,734,1.0
2088-05-16 07:22:51,5,1,4,1,1254,1.0
2088-05-16 07:22:52,5,139,4,1,1371,1.0
2088-05-16 07:22:53,5,55,4,1,1,1.0
2088-05-16 07:23:07,5,84,4,1,1,1.0
2088-05-16 07:23:17,5,5,4,1,1046,1.0
2088-05-16 07:23:47,5,131,4,1,1,1.0
2088-05-16 07:25:06,5,37,4,1,318,1.0
2088-05-16 07:26:50,5,69,4,1,0,1.0
2088-05-16 07:27:11,8,127,8,1,628,1.0
2088-05-16 07:27:20,8,156,4,1,273,20.0
2088-05-16 07:27:21,2,123,4,1,320,7.0
2088-05-16 07:27:22,1,156,6,1,211,14.0
2088-05-16 07:28:00,8,156,0,1,1277,13.0
2088-05-16 07:32:07,2,123,4,1,991,7.0
2088-05-16 07:46:54,2,123,4,1,378,7.0
2088-05-16 07:47:00,1,156,6,0,391,
2088-05-16 07:47:05,1,156,6,1,543,40.0
2088-05-16 07:47:26,1,156,6,1,211,53.0
2088-05-16 07:48:28,2,123,4,1,966,7.0
2088-05-16 07:48:32,2,123,4,1,344,7.0
2088-05-16 07:48:56,8,156,8,1,1217,0.0
2088-05-16 07:49:42,8,156,8,1,74,0.0
2088-05-16 07:53:42,1,156,6,1,211,47.0
2088-05-16 07:53:44,8,156,8,1,396,0.0
2088-05-16 07:55:19,8,27,8,1,152,1.0
2088-05-16 07:56:10,8,156,8,1,245,0.0
2088-05-16 07:56:23,8,94,8,1,346,1.0
2088-05-16 07:56:40,2,123,4,1,1140,7.0
2088-05-16 07:56:55,8,156,8,1,447,0.0
2088-05-16 07:57:13,8,156,8,1,53,0.0
2088-05-16 07:57:37,8,156,8,1,1532,0.0
2088-05-16 07:58:04,8,156,8,1,827,0.0
2088-05-16 07:58:07,8,156,8,1,860,0.0
2088-05-16 07:58:22,8,156,8,1,732,0.0
2088-05-16 07:58:42,8,156,8,1,788,0.0
2088-05-16 07:58:44,8,156,8,1,1012,0.0
2088-05-16 07:59:13,2,123,4,1,285,7.0
2088-05-16 07:59:14,2,123,4,1,1118,7.0
2088-05-16 07:59:15,8,156,8,1,1015,0.0
2088-05-16 08:00:17,8,156,8,1,308,0.0
2088-05-16 08:00:49,8,156,8,1,327,0.0
2088-05-16 08:02:53,8,156,8,1,856,0.0
2088-05-16 08:02:58,8,156,8,1,204,0.0
2088-05-16 08:05:42,8,156,8,1,617,0.0
2088-05-16 08:05:49,8,11,8,1,1221,1.0
2088-05-16 08:13:03,8,156,8,1,916,0.0
2088-05-16 08:22:10,8,156,8,1,324,0.0
2088-05-16 08:28:10,8,156,8,1,992,0.0
2088-05-16 08:37:00,8,152,8,1,1178,1.0
2088-05-16 09:02:07,8,156,8,1,1552,0.0
2088-05-16 09:05:13,8,156,8,1,170,0.0
2088-05-16 09:06:01,8,156,8,1,1346,0.0
2088-05-16 09:12:02,8,156,8,1,1039,0.0
2088-05-16 09:12:04,8,156,8,1,427,0.0
2088-05-16 09:16:09,8,156,8,1,337,0.0
2088-05-16 09:20:03,8,156,2,1,778,13.0
2088-05-16 09:23:06,8,124,8,1,376,1.0
2088-05-16 09:24:03,1,156,6,1,403,45.0
2088-05-16 09:37:03,8,156,8,1,1489,0.0
2088-05-16 09:38:06,8,156,8,1,1487,0.0
2088-05-16 09:42:01,2,123,4,1,732,7.0
2088-05-16 09:42:10,2,123,4,1,544,7.0
2088-05-16 09:53:10,8,156,8,1,1344,0.0
2088-05-16 10:13:05,8,156,8,1,257,0.0
2088-05-16 10:14:05,2,123,4,1,277,7.0
2088-05-16 10:18:07,8,156,8,1,395,0.0
2088-05-16 10:23:05,8,156,8,1,1475,0.0
2088-05-16 10:34:04,8,156,8,1,879,0.0
2088-05-16 10:34:08,8,156,8,1,416,0.0
2088-05-16 10:47:06,8,156,8,1,328,0.0
2088-05-16 10:51:08,8,156,8,1,235,0.0
2088-05-16 10:54:05,8,156,8,1,380,0.0
2088-05-16 10:58:02,8,156,8,1,1072,0.0
2088-05-16 10:58:11,8,156,8,1,1512,0.0
2088-05-16 10:59:08,8,156,8,1,1521,0.0
2088-05-16 11:03:02,8,156,8,1,1000,0.0
2088-05-16 11:09:03,8,156,8,1,332,0.0
2088-05-16 11:09:05,8,156,8,1,1191,0.0
2088-05-16 11:10:04,8,156,8,1,1106,0.0
2088-05-16 11:10:09,8,156,8,1,240,0.0
2088-05-16 11:18:11,1,156,6,1,336,3.0
2088-05-16 11:29:01,8,156,8,1,492,0.0
2088-05-16 11:31:00,2,123,4,1,918,7.0
2088-05-16 11:35:00,8,156,8,1,1070,0.0
2088-05-16 11:39:00,8,156,8,1,955,0.0
2088-05-16 11:41:01,8,156,8,1,500,0.0
2088-05-16 11:44:00,8,156,8,1,175,0.0
2088-05-16 11:49:02,8,156,8,1,96,0.0
2088-05-16 12:11:01,8,156,8,1,176,0.0
2088-05-16 12:19:01,8,156,8,1,190,0.0
2088-05-16 12:24:02,8,156,8,1,986,0.0
2088-05-16 12:25:06,2,123,4,1,164,7.0
2088-05-16 12:29:00,8,156,8,1,463,0.0
2088-05-16 12:42:03,2,123,4,1,1226,7.0
2088-05-16 12:44:03,2,123,4,1,1572,7.0
2088-05-16 12:48:01,1,156,6,1,515,53.0
2088-05-16 12:49:04,2,123,4,1,131,7.0
2088-05-16 12:50:00,8,156,8,1,561,0.0
2088-05-16 12:54:03,8,152,8,1,983,1.0
2088-05-16 12:57:02,8,156,8,1,140,0.0
2088-05-16 12:59:00,2,123,4,1,1030,7.0
2088-05-16 13:07:04,8,156,8,1,783,0.0
2088-05-16 13:11:02,2,123,4,1,668,7.0
2088-05-16 13:15:01,8,156,8,1,800,0.0
2088-05-16 13:19:01,8,156,8,1,1317,0.0
2088-05-16 13:19:05,8,156,8,1,886,0.0
2088-05-16 13:34:01,2,123,4,1,646,7.0
2088-05-16 13:44:03,8,156,8,1,384,0.0
2088-05-16 13:53:00,8,156,8,1,469,0.0
2088-05-16 13:53:01,8,156,8,1,1282,0.0
2088-05-16 13:56:00,8,156,8,1,1288,0.0
2088-05-16 13:58:01,8,156,8,1,1233,0.0
2088-05-16 14:10:00,1,156,6,0,479,
2088-05-16 14:11:02,2,123,4,1,713,7.0
2088-05-16 14:23:00,1,156,6,1,1586,45.0
2088-05-16 14:24:06,8,156,8,1,1018,0.0
2088-05-16 14:24:10,8,156,8,1,160,0.0
2088-05-16 14:27:03,8,156,8,1,989,0.0
2088-05-16 14:32:03,8,6,8,1,1,1.0
2088-05-16 14:32:08,8,6,8,1,221,1.0
2088-05-16 14:32:26,6,6,4,1,221,1.0
2088-05-16 14:39:00,8,156,8,1,1415,0.0
2088-05-16 14:42:00,8,63,8,1,0,1.0
2088-05-16 14:51:18,8,156,8,1,134,0.0
2088-05-16 14:58:05,8,156,8,1,115,0.0
2088-05-16 14:59:06,2,123,4,1,243,7.0
2088-05-16 15:01:02,8,119,8,1,243,7.0
2088-05-16 15:02:12,8,156,8,1,230,0.0
2088-05-16 15:09:04,8,156,8,1,1291,0.0
2088-05-16 15:18:00,8,156,8,1,162,0.0
2088-05-16 15:18:01,8,156,8,1,1089,0.0
2088-05-16 15:22:00,8,94,8,1,1488,1.0
2088-05-16 15:29:00,8,42,8,1,260,1.0
2088-05-16 15:31:03,8,156,8,1,917,0.0
2088-05-16 15:32:12,8,156,8,1,356,0.0
2088-05-16 15:34:07,8,156,8,1,227,0.0
2088-05-16 15:38:00,8,156,8,1,1413,0.0
2088-05-16 15:39:01,2,123,4,1,552,7.0
2088-05-16 15:45:05,8,156,8,1,460,0.0
2088-05-16 15:52:13,8,156,8,1,1445,0.0
2088-05-16 15:56:11,8,109,8,1,1254,1.0
2088-05-16 15:59:04,8,156,8,1,142,0.0
2088-05-16 16:08:05,8,156,8,1,1286,0.0
2088-05-16 16:09:12,8,156,8,1,849,0.0
2088-05-16 16:11:04,8,156,8,1,274,0.0
2088-05-16 16:16:01,8,112,8,1,1,1.0
2088-05-16 16:19:02,2,123,4,1,571,7.0
2088-05-16 16:23:05,8,156,5,1,1174,2.0
2088-05-16 16:36:06,8,156,8,1,1544,0.0
2088-05-16 16:40:02,1,156,6,1,516,53.0
2088-05-16 16:41:01,8,156,8,1,1023,0.0
2088-05-16 16:42:05,6,23,4,1,0,1.0
2088-05-16 16:42:14,8,23,8,1,0,1.0
2088-05-16 16:44:00,6,75,4,1,1,1.0
2088-05-16 16:46:08,2,123,4,1,558,7.0
2088-05-16 16:49:00,2,123,4,1,737,7.0
2088-05-16 16:57:11,8,156,8,1,283,0.0
2088-05-16 16:57:15,8,156,8,1,81,0.0
2088-05-16 16:58:04,2,123,4,1,112,7.0
2088-05-16 17:03:08,8,156,8,1,349,0.0
2088-05-16 17:04:00,2,123,4,1,1471,7.0
2088-05-16 17:17:01,8,156,8,1,126,0.0
2088-05-16 17:27:02,8,156,5,1,378,2.0
2088-05-16 17:33:02,8,156,8,1,1418,0.0
2088-05-16 17:34:03,8,156,8,1,624,0.0
2088-05-16 17:35:03,1,156,6,1,68,13.0
2088-05-16 17:37:00,8,156,8,1,425,0.0
2088-05-16 17:42:01,8,156,8,1,946,0.0
2088-05-16 17:44:01,2,123,4,1,1223,7.0
2088-05-16 17:44:02,8,156,8,1,1124,0.0
2088-05-16 17:45:01,8,156,8,1,1457,0.0
2088-05-16 17:47:05,8,156,8,1,1507,0.0
2088-05-16 17:51:02,1,156,6,0,254,46.0
2088-05-16 17:55:11,8,156,8,1,936,0.0
2088-05-16 18:00:01,8,129,8,1,144,7.0
2088-05-16 18:09:03,8,156,8,1,1496,0.0
2088-05-16 18:11:00,8,82,8,1,487,1.0
2088-05-16 18:17:02,8,156,8,1,333,0.0
2088-05-16 18:17:06,8,120,8,1,900,7.0
2088-05-16 18:17:18,8,156,8,1,931,0.0
2088-05-16 18:21:09,7,156,1,1,0,12.0
2088-05-16 18:22:06,2,123,4,1,110,7.0
2088-05-16 18:29:03,2,123,4,1,264,7.0
2088-05-16 18:37:04,1,156,6,1,411,14.0
2088-05-16 18:42:01,8,156,8,1,1509,0.0
2088-05-16 18:42:02,8,156,8,1,534,0.0
2088-05-16 18:42:09,2,123,4,1,710,7.0
2088-05-16 18:43:05,8,156,8,1,47,0.0
2088-05-16 18:59:00,8,156,8,1,214,0.0
2088-05-16 18:59:06,2,123,4,1,1297,7.0
2088-05-16 19:02:11,8,156,8,1,413,0.0
2088-05-16 19:04:04,8,156,8,1,853,0.0
2088-05-16 19:07:05,2,123,4,1,1222,7.0
2088-05-16 19:14:20,2,123,4,1,477,7.0
2088-05-16 19:19:00,8,156,8,1,405,0.0
2088-05-16 19:19:04,2,123,4,1,319,7.0
2088-05-16 19:19:35,8,156,8,1,446,0.0
2088-05-16 19:22:01,2,123,4,1,166,7.0
2088-05-16 19:24:00,2,123,4,1,1365,7.0
2088-05-16 19:25:01,8,156,8,1,181,0.0
2088-05-16 19:26:04,8,156,8,1,177,0.0
2088-05-16 19:27:06,2,123,4,1,715,7.0
2088-05-16 19:29:13,8,156,8,1,648,0.0
2088-05-16 19:41:22,8,156,8,1,127,0.0
2088-05-16 19:45:12,2,123,4,1,262,7.0
2088-05-16 19:50:18,2,123,4,1,1003,7.0
2088-05-16 19:52:03,8,156,8,1,316,0.0
2088-05-16 19:56:00,2,123,4,1,26,7.0
2088-05-16 19:59:03,2,123,4,1,1350,7.0
2088-05-16 20:00:01,2,123,4,1,873,7.0
2088-05-16 20:00:05,8,156,8,1,938,0.0
2088-05-16 20:02:07,8,156,8,1,583,0.0
2088-05-16 20:03:13,8,156,8,1,1013,0.0
2088-05-16 20:04:05,2,123,4,1,752,7.0
2088-05-16 20:08:09,1,156,6,1,1586,42.0
2088-05-16 20:12:00,2,123,4,1,905,7.0
2088-05-16 20:13:05,2,123,4,1,1271,7.0
2088-05-16 20:13:06,8,156,8,1,1231,0.0
2088-05-16 20:21:05,8,156,8,1,147,0.0
2088-05-16 20:21:14,8,156,8,1,1351,0.0
2088-05-16 20:22:15,2,123,4,1,899,7.0
2088-05-16 20:23:00,2,123,4,1,810,7.0
2088-05-16 20:24:02,2,123,4,1,1153,7.0
2088-05-16 20:29:08,2,123,4,1,1058,7.0
2088-05-16 20:30:00,8,156,8,1,1010,0.0
2088-05-16 20:30:02,2,123,4,1,1367,7.0
2088-05-16 20:39:33,2,123,4,1,565,7.0
2088-05-16 20:47:08,8,156,8,1,1111,0.0
2088-05-16 20:49:05,8,156,8,1,895,0.0
2088-05-16 20:50:03,8,156,8,1,1176,0.0
2088-05-16 20:53:03,8,156,8,1,819,0.0
2088-05-16 21:07:01,8,156,8,1,776,0.0
2088-05-16 21:08:08,8,156,8,1,1257,0.0
2088-05-16 21:13:04,8,156,8,1,1499,0.0
2088-05-16 21:16:01,2,123,4,1,1028,7.0
2088-05-16 21:19:06,8,156,8,1,951,0.0
2088-05-16 21:19:14,8,156,8,1,260,0.0
2088-05-16 21:20:04,8,156,8,1,748,0.0
2088-05-16 21:23:10,2,123,4,1,1436,7.0
2088-05-16 21:26:08,8,156,8,1,891,0.0
2088-05-16 21:28:01,8,156,8,1,23,0.0
2088-05-16 21:31:01,2,123,4,1,392,7.0
2088-05-16 21:42:03,2,123,4,1,1144,7.0
2088-05-16 21:49:04,2,123,4,1,1128,7.0
2088-05-16 21:51:10,2,123,4,1,178,7.0
2088-05-16 21:51:12,8,156,8,1,844,0.0
2088-05-16 21:53:04,8,156,8,1,1056,0.0
2088-05-16 21:53:05,2,123,4,1,879,7.0
2088-05-16 21:54:06,2,123,4,1,793,7.0
2088-05-16 21:54:07,8,156,8,1,901,0.0
2088-05-16 22:00:02,8,1,8,1,977,1.0
2088-05-16 22:04:18,2,123,4,1,78,7.0
2088-05-16 22:08:10,2,123,4,1,1273,7.0
2088-05-16 22:11:00,2,123,4,1,626,7.0
2088-05-16 22:13:07,8,156,8,1,940,0.0
2088-05-16 22:13:22,1,156,6,1,1316,3.0
2088-05-16 22:17:04,2,123,4,1,1278,7.0
2088-05-16 22:17:10,2,123,4,1,1399,7.0
2088-05-16 22:21:09,8,156,8,1,672,0.0
2088-05-16 22:23:07,2,123,4,1,962,7.0
2088-05-16 22:26:06,8,156,8,1,1454,0.0
2088-05-16 22:26:07,2,123,4,1,407,7.0
2088-05-16 22:31:09,8,121,8,1,576,7.0
2088-05-16 22:33:03,8,156,8,1,117,0.0
2088-05-16 22:37:00,2,123,4,1,331,7.0
2088-05-16 22:45:06,2,123,4,1,169,7.0
2088-05-16 22:49:07,8,156,8,1,894,0.0
2088-05-16 22:52:15,2,123,4,1,1076,7.0
2088-05-16 22:55:03,2,123,4,1,1396,7.0
2088-05-16 22:56:01,2,123,4,1,1449,7.0
2088-05-16 23:03:07,8,156,8,1,790,0.0
2088-05-16 23:04:07,8,156,8,1,206,0.0
